solid OpenSCAD_Model
  facet normal 1 0 0
    outer loop
      vertex 74.8 14.3723 54.8
      vertex 74.8 11.6277 54.8
      vertex 74.8 14.3723 54.4
    endloop
  endfacet
  facet normal 1 0 0
    outer loop
      vertex 74.8 44.4277 54.4
      vertex 74.8 46.8 54.8
      vertex 74.8 44.4277 54.8
    endloop
  endfacet
  facet normal 1 0 0
    outer loop
      vertex 74.8 46.8 54.8
      vertex 74.8 44.4277 54.4
      vertex 74.8 46.8 0
    endloop
  endfacet
  facet normal 1 -0 0
    outer loop
      vertex 74.8 14.3723 54.4
      vertex 74.8 46.8 0
      vertex 74.8 44.4277 54.4
    endloop
  endfacet
  facet normal 1 0 0
    outer loop
      vertex 74.8 11.6277 54.4
      vertex 74.8 14.3723 54.4
      vertex 74.8 11.6277 54.8
    endloop
  endfacet
  facet normal 1 0 0
    outer loop
      vertex 74.8 0 0
      vertex 74.8 14.3723 54.4
      vertex 74.8 11.6277 54.4
    endloop
  endfacet
  facet normal 1 0 0
    outer loop
      vertex 74.8 0 0
      vertex 74.8 11.6277 54.4
      vertex 74.8 0 54.4
    endloop
  endfacet
  facet normal 1 0 0
    outer loop
      vertex 74.8 14.3723 54.4
      vertex 74.8 0 0
      vertex 74.8 46.8 0
    endloop
  endfacet
  facet normal 0 0 1
    outer loop
      vertex 74.6014 44.3007 54.8
      vertex 74.8 44.4277 54.8
      vertex 74.8 46.8 54.8
    endloop
  endfacet
  facet normal 0 0 1
    outer loop
      vertex 74.8 44.4277 54.8
      vertex 74.6014 44.3007 54.8
      vertex 74.7445 44.3865 54.8
    endloop
  endfacet
  facet normal 0 0 1
    outer loop
      vertex 74.8 46.8 54.8
      vertex 74.4506 44.2294 54.8
      vertex 74.6014 44.3007 54.8
    endloop
  endfacet
  facet normal 0 0 1
    outer loop
      vertex 74.8 46.8 54.8
      vertex 74.2935 44.1732 54.8
      vertex 74.4506 44.2294 54.8
    endloop
  endfacet
  facet normal 0 0 1
    outer loop
      vertex 74.8 46.8 54.8
      vertex 74.1317 44.1327 54.8
      vertex 74.2935 44.1732 54.8
    endloop
  endfacet
  facet normal 0 0 1
    outer loop
      vertex 74.8 46.8 54.8
      vertex 73.9666 44.1082 54.8
      vertex 74.1317 44.1327 54.8
    endloop
  endfacet
  facet normal 0 0 1
    outer loop
      vertex 74.8 46.8 54.8
      vertex 73.8 44.1 54.8
      vertex 73.9666 44.1082 54.8
    endloop
  endfacet
  facet normal 0 0 1
    outer loop
      vertex 74.8 46.8 54.8
      vertex 73.6334 44.1082 54.8
      vertex 73.8 44.1 54.8
    endloop
  endfacet
  facet normal 0 0 1
    outer loop
      vertex 74.8 46.8 54.8
      vertex 73.4683 44.1327 54.8
      vertex 73.6334 44.1082 54.8
    endloop
  endfacet
  facet normal 0 0 1
    outer loop
      vertex 74.8 46.8 54.8
      vertex 73.3065 44.1732 54.8
      vertex 73.4683 44.1327 54.8
    endloop
  endfacet
  facet normal 0 0 1
    outer loop
      vertex 74.8 46.8 54.8
      vertex 73.1494 44.2294 54.8
      vertex 73.3065 44.1732 54.8
    endloop
  endfacet
  facet normal 0 0 1
    outer loop
      vertex 74.8 46.8 54.8
      vertex 72.9986 44.3007 54.8
      vertex 73.1494 44.2294 54.8
    endloop
  endfacet
  facet normal 0 0 1
    outer loop
      vertex 74.8 46.8 54.8
      vertex 72.8555 44.3865 54.8
      vertex 72.9986 44.3007 54.8
    endloop
  endfacet
  facet normal 0 0 1
    outer loop
      vertex 74.8 46.8 54.8
      vertex 72.7215 44.4859 54.8
      vertex 72.8555 44.3865 54.8
    endloop
  endfacet
  facet normal 0 0 1
    outer loop
      vertex 74.8 46.8 54.8
      vertex 72.5979 44.5979 54.8
      vertex 72.7215 44.4859 54.8
    endloop
  endfacet
  facet normal 0 0 1
    outer loop
      vertex 74.8 46.8 54.8
      vertex 72.4859 44.7215 54.8
      vertex 72.5979 44.5979 54.8
    endloop
  endfacet
  facet normal 0 0 1
    outer loop
      vertex 72.3007 46.6014 54.8
      vertex 74.8 46.8 54.8
      vertex 72.4277 46.8 54.8
    endloop
  endfacet
  facet normal 0 0 1
    outer loop
      vertex 72.3007 46.6014 54.8
      vertex 72.4277 46.8 54.8
      vertex 72.3865 46.7445 54.8
    endloop
  endfacet
  facet normal 0 0 1
    outer loop
      vertex 74.8 46.8 54.8
      vertex 72.3865 44.8555 54.8
      vertex 72.4859 44.7215 54.8
    endloop
  endfacet
  facet normal 0 0 1
    outer loop
      vertex 72.2294 46.4506 54.8
      vertex 74.8 46.8 54.8
      vertex 72.3007 46.6014 54.8
    endloop
  endfacet
  facet normal 0 0 1
    outer loop
      vertex 74.8 46.8 54.8
      vertex 72.3007 44.9986 54.8
      vertex 72.3865 44.8555 54.8
    endloop
  endfacet
  facet normal 0 0 1
    outer loop
      vertex 72.1732 46.2935 54.8
      vertex 74.8 46.8 54.8
      vertex 72.2294 46.4506 54.8
    endloop
  endfacet
  facet normal 0 0 1
    outer loop
      vertex 74.8 46.8 54.8
      vertex 72.2294 45.1494 54.8
      vertex 72.3007 44.9986 54.8
    endloop
  endfacet
  facet normal 0 0 1
    outer loop
      vertex 72.1327 46.1317 54.8
      vertex 74.8 46.8 54.8
      vertex 72.1732 46.2935 54.8
    endloop
  endfacet
  facet normal 0 0 1
    outer loop
      vertex 74.8 46.8 54.8
      vertex 72.1732 45.3065 54.8
      vertex 72.2294 45.1494 54.8
    endloop
  endfacet
  facet normal 0 0 1
    outer loop
      vertex 72.1082 45.9666 54.8
      vertex 74.8 46.8 54.8
      vertex 72.1327 46.1317 54.8
    endloop
  endfacet
  facet normal 0 0 1
    outer loop
      vertex 74.8 46.8 54.8
      vertex 72.1327 45.4683 54.8
      vertex 72.1732 45.3065 54.8
    endloop
  endfacet
  facet normal 0 0 1
    outer loop
      vertex 72.1 45.8 54.8
      vertex 74.8 46.8 54.8
      vertex 72.1082 45.9666 54.8
    endloop
  endfacet
  facet normal 0 0 1
    outer loop
      vertex 74.8 46.8 54.8
      vertex 72.1082 45.6334 54.8
      vertex 72.1327 45.4683 54.8
    endloop
  endfacet
  facet normal 0 0 1
    outer loop
      vertex 74.8 46.8 54.8
      vertex 72.1 45.8 54.8
      vertex 72.1082 45.6334 54.8
    endloop
  endfacet
  facet normal 0 0 1
    outer loop
      vertex 14.6918 45.9666 54.8
      vertex 14.6918 45.6334 54.8
      vertex 14.7 45.8 54.8
    endloop
  endfacet
  facet normal 0 0 1
    outer loop
      vertex 14.6673 46.1317 54.8
      vertex 14.6918 45.6334 54.8
      vertex 14.6918 45.9666 54.8
    endloop
  endfacet
  facet normal 0 0 1
    outer loop
      vertex 14.6673 46.1317 54.8
      vertex 14.6673 45.4683 54.8
      vertex 14.6918 45.6334 54.8
    endloop
  endfacet
  facet normal 0 0 1
    outer loop
      vertex 14.6268 46.2935 54.8
      vertex 14.6673 45.4683 54.8
      vertex 14.6673 46.1317 54.8
    endloop
  endfacet
  facet normal 0 0 1
    outer loop
      vertex 14.6268 46.2935 54.8
      vertex 14.6268 45.3065 54.8
      vertex 14.6673 45.4683 54.8
    endloop
  endfacet
  facet normal 0 0 1
    outer loop
      vertex 14.5706 46.4506 54.8
      vertex 14.6268 45.3065 54.8
      vertex 14.6268 46.2935 54.8
    endloop
  endfacet
  facet normal 0 0 1
    outer loop
      vertex 14.5706 46.4506 54.8
      vertex 14.5706 45.1494 54.8
      vertex 14.6268 45.3065 54.8
    endloop
  endfacet
  facet normal 0 0 1
    outer loop
      vertex 14.4993 46.6014 54.8
      vertex 14.5706 45.1494 54.8
      vertex 14.5706 46.4506 54.8
    endloop
  endfacet
  facet normal 0 0 1
    outer loop
      vertex 14.4993 46.6014 54.8
      vertex 14.4993 44.9986 54.8
      vertex 14.5706 45.1494 54.8
    endloop
  endfacet
  facet normal 0 0 1
    outer loop
      vertex 14.3723 46.8 54.8
      vertex 14.4993 46.6014 54.8
      vertex 14.4135 46.7445 54.8
    endloop
  endfacet
  facet normal 0 0 1
    outer loop
      vertex 14.4993 46.6014 54.8
      vertex 14.3723 46.8 54.8
      vertex 14.4993 44.9986 54.8
    endloop
  endfacet
  facet normal 0 0 1
    outer loop
      vertex 14.4993 44.9986 54.8
      vertex 14.3723 46.8 54.8
      vertex 14.4135 44.8555 54.8
    endloop
  endfacet
  facet normal 0 0 1
    outer loop
      vertex 14.3723 46.8 54.8
      vertex 14.3141 44.7215 54.8
      vertex 14.4135 44.8555 54.8
    endloop
  endfacet
  facet normal 0 0 1
    outer loop
      vertex 14.3723 46.8 54.8
      vertex 14.2021 44.5979 54.8
      vertex 14.3141 44.7215 54.8
    endloop
  endfacet
  facet normal 0 0 1
    outer loop
      vertex 14.3723 46.8 54.8
      vertex 14.0785 44.4859 54.8
      vertex 14.2021 44.5979 54.8
    endloop
  endfacet
  facet normal 0 0 1
    outer loop
      vertex 14.3723 46.8 54.8
      vertex 13.9627 44.4 54.8
      vertex 14.0785 44.4859 54.8
    endloop
  endfacet
  facet normal 0 0 1
    outer loop
      vertex 14.3723 46.8 54.8
      vertex 12.0373 44.4 54.8
      vertex 13.9627 44.4 54.8
    endloop
  endfacet
  facet normal 0 0 1
    outer loop
      vertex 14.3723 46.8 54.8
      vertex 11.9215 44.4859 54.8
      vertex 12.0373 44.4 54.8
    endloop
  endfacet
  facet normal 0 0 1
    outer loop
      vertex 14.3723 46.8 54.8
      vertex 11.7979 44.5979 54.8
      vertex 11.9215 44.4859 54.8
    endloop
  endfacet
  facet normal 0 0 1
    outer loop
      vertex 14.3723 46.8 54.8
      vertex 11.6859 44.7215 54.8
      vertex 11.7979 44.5979 54.8
    endloop
  endfacet
  facet normal -0 0 1
    outer loop
      vertex 11.6277 46.8 54.8
      vertex 11.6859 44.7215 54.8
      vertex 14.3723 46.8 54.8
    endloop
  endfacet
  facet normal 0 0 1
    outer loop
      vertex 11.5007 46.6014 54.8
      vertex 11.6277 46.8 54.8
      vertex 11.5865 46.7445 54.8
    endloop
  endfacet
  facet normal 0 0 1
    outer loop
      vertex 11.6277 46.8 54.8
      vertex 11.5865 44.8555 54.8
      vertex 11.6859 44.7215 54.8
    endloop
  endfacet
  facet normal 0 0 1
    outer loop
      vertex 11.6277 46.8 54.8
      vertex 11.5007 46.6014 54.8
      vertex 11.5865 44.8555 54.8
    endloop
  endfacet
  facet normal 0 0 1
    outer loop
      vertex 11.5007 46.6014 54.8
      vertex 11.5007 44.9986 54.8
      vertex 11.5865 44.8555 54.8
    endloop
  endfacet
  facet normal -0 0 1
    outer loop
      vertex 11.4294 46.4506 54.8
      vertex 11.5007 44.9986 54.8
      vertex 11.5007 46.6014 54.8
    endloop
  endfacet
  facet normal 0 0 1
    outer loop
      vertex 11.4294 46.4506 54.8
      vertex 11.4294 45.1494 54.8
      vertex 11.5007 44.9986 54.8
    endloop
  endfacet
  facet normal -0 0 1
    outer loop
      vertex 11.3732 46.2935 54.8
      vertex 11.4294 45.1494 54.8
      vertex 11.4294 46.4506 54.8
    endloop
  endfacet
  facet normal 0 0 1
    outer loop
      vertex 11.3732 46.2935 54.8
      vertex 11.3732 45.3065 54.8
      vertex 11.4294 45.1494 54.8
    endloop
  endfacet
  facet normal -0 0 1
    outer loop
      vertex 11.3327 46.1317 54.8
      vertex 11.3732 45.3065 54.8
      vertex 11.3732 46.2935 54.8
    endloop
  endfacet
  facet normal 0 0 1
    outer loop
      vertex 11.3327 46.1317 54.8
      vertex 11.3327 45.4683 54.8
      vertex 11.3732 45.3065 54.8
    endloop
  endfacet
  facet normal -0 0 1
    outer loop
      vertex 11.3082 45.9666 54.8
      vertex 11.3327 45.4683 54.8
      vertex 11.3327 46.1317 54.8
    endloop
  endfacet
  facet normal 0 0 1
    outer loop
      vertex 11.3082 45.9666 54.8
      vertex 11.3082 45.6334 54.8
      vertex 11.3327 45.4683 54.8
    endloop
  endfacet
  facet normal 0 -0 1
    outer loop
      vertex 11.3082 45.6334 54.8
      vertex 11.3082 45.9666 54.8
      vertex 11.3 45.8 54.8
    endloop
  endfacet
  facet normal 0 0 1
    outer loop
      vertex 74.6014 14.4993 54.8
      vertex 74.8 14.3723 54.8
      vertex 74.7445 14.4135 54.8
    endloop
  endfacet
  facet normal 0 0 1
    outer loop
      vertex 74.8 14.3723 54.8
      vertex 74.6014 14.4993 54.8
      vertex 74.8 11.6277 54.8
    endloop
  endfacet
  facet normal 0 0 1
    outer loop
      vertex 74.6014 11.5007 54.8
      vertex 74.8 11.6277 54.8
      vertex 74.6014 14.4993 54.8
    endloop
  endfacet
  facet normal 0 0 1
    outer loop
      vertex 74.8 11.6277 54.8
      vertex 74.6014 11.5007 54.8
      vertex 74.7445 11.5865 54.8
    endloop
  endfacet
  facet normal 0 0 1
    outer loop
      vertex 74.4506 14.5706 54.8
      vertex 74.6014 11.5007 54.8
      vertex 74.6014 14.4993 54.8
    endloop
  endfacet
  facet normal 0 0 1
    outer loop
      vertex 74.4506 14.5706 54.8
      vertex 74.4506 11.4294 54.8
      vertex 74.6014 11.5007 54.8
    endloop
  endfacet
  facet normal 0 0 1
    outer loop
      vertex 74.2935 14.6268 54.8
      vertex 74.4506 11.4294 54.8
      vertex 74.4506 14.5706 54.8
    endloop
  endfacet
  facet normal 0 0 1
    outer loop
      vertex 74.2935 14.6268 54.8
      vertex 74.2935 11.3732 54.8
      vertex 74.4506 11.4294 54.8
    endloop
  endfacet
  facet normal 0 0 1
    outer loop
      vertex 74.1317 14.6673 54.8
      vertex 74.2935 11.3732 54.8
      vertex 74.2935 14.6268 54.8
    endloop
  endfacet
  facet normal 0 0 1
    outer loop
      vertex 74.1317 14.6673 54.8
      vertex 74.1317 11.3327 54.8
      vertex 74.2935 11.3732 54.8
    endloop
  endfacet
  facet normal 0 0 1
    outer loop
      vertex 73.9666 14.6918 54.8
      vertex 74.1317 11.3327 54.8
      vertex 74.1317 14.6673 54.8
    endloop
  endfacet
  facet normal 0 0 1
    outer loop
      vertex 73.9666 14.6918 54.8
      vertex 73.9666 11.3082 54.8
      vertex 74.1317 11.3327 54.8
    endloop
  endfacet
  facet normal 0 0 1
    outer loop
      vertex 73.8 14.7 54.8
      vertex 73.9666 11.3082 54.8
      vertex 73.9666 14.6918 54.8
    endloop
  endfacet
  facet normal 0 0 1
    outer loop
      vertex 73.8 14.7 54.8
      vertex 73.8 11.3 54.8
      vertex 73.9666 11.3082 54.8
    endloop
  endfacet
  facet normal -0 0 1
    outer loop
      vertex 73.6334 14.6918 54.8
      vertex 73.8 11.3 54.8
      vertex 73.8 14.7 54.8
    endloop
  endfacet
  facet normal 0 0 1
    outer loop
      vertex 73.6334 14.6918 54.8
      vertex 73.6334 11.3082 54.8
      vertex 73.8 11.3 54.8
    endloop
  endfacet
  facet normal -0 0 1
    outer loop
      vertex 73.4683 14.6673 54.8
      vertex 73.6334 11.3082 54.8
      vertex 73.6334 14.6918 54.8
    endloop
  endfacet
  facet normal 0 0 1
    outer loop
      vertex 73.4683 14.6673 54.8
      vertex 73.4683 11.3327 54.8
      vertex 73.6334 11.3082 54.8
    endloop
  endfacet
  facet normal -0 0 1
    outer loop
      vertex 73.3065 14.6268 54.8
      vertex 73.4683 11.3327 54.8
      vertex 73.4683 14.6673 54.8
    endloop
  endfacet
  facet normal 0 0 1
    outer loop
      vertex 73.3065 14.6268 54.8
      vertex 73.3065 11.3732 54.8
      vertex 73.4683 11.3327 54.8
    endloop
  endfacet
  facet normal -0 0 1
    outer loop
      vertex 73.1494 14.5706 54.8
      vertex 73.3065 11.3732 54.8
      vertex 73.3065 14.6268 54.8
    endloop
  endfacet
  facet normal 0 0 1
    outer loop
      vertex 73.1494 14.5706 54.8
      vertex 73.1494 11.4294 54.8
      vertex 73.3065 11.3732 54.8
    endloop
  endfacet
  facet normal -0 0 1
    outer loop
      vertex 72.9986 14.4993 54.8
      vertex 73.1494 11.4294 54.8
      vertex 73.1494 14.5706 54.8
    endloop
  endfacet
  facet normal 0 0 1
    outer loop
      vertex 72.9986 14.4993 54.8
      vertex 72.9986 11.5007 54.8
      vertex 73.1494 11.4294 54.8
    endloop
  endfacet
  facet normal -0 0 1
    outer loop
      vertex 72.8555 14.4135 54.8
      vertex 72.9986 11.5007 54.8
      vertex 72.9986 14.4993 54.8
    endloop
  endfacet
  facet normal 0 0 1
    outer loop
      vertex 72.8555 14.4135 54.8
      vertex 72.8555 11.5865 54.8
      vertex 72.9986 11.5007 54.8
    endloop
  endfacet
  facet normal -0 0 1
    outer loop
      vertex 72.7215 14.3141 54.8
      vertex 72.8555 11.5865 54.8
      vertex 72.8555 14.4135 54.8
    endloop
  endfacet
  facet normal 0 0 1
    outer loop
      vertex 72.7215 14.3141 54.8
      vertex 72.7215 11.6859 54.8
      vertex 72.8555 11.5865 54.8
    endloop
  endfacet
  facet normal -0 0 1
    outer loop
      vertex 72.5979 14.2021 54.8
      vertex 72.7215 11.6859 54.8
      vertex 72.7215 14.3141 54.8
    endloop
  endfacet
  facet normal 0 0 1
    outer loop
      vertex 72.5979 14.2021 54.8
      vertex 72.5979 11.7979 54.8
      vertex 72.7215 11.6859 54.8
    endloop
  endfacet
  facet normal -0 0 1
    outer loop
      vertex 72.4859 14.0785 54.8
      vertex 72.5979 11.7979 54.8
      vertex 72.5979 14.2021 54.8
    endloop
  endfacet
  facet normal 0 0 1
    outer loop
      vertex 72.4859 14.0785 54.8
      vertex 72.4859 11.9215 54.8
      vertex 72.5979 11.7979 54.8
    endloop
  endfacet
  facet normal -0 0 1
    outer loop
      vertex 72.4 13.9627 54.8
      vertex 72.4859 11.9215 54.8
      vertex 72.4859 14.0785 54.8
    endloop
  endfacet
  facet normal 0 0 1
    outer loop
      vertex 72.4859 11.9215 54.8
      vertex 72.4 13.9627 54.8
      vertex 72.4 12.0373 54.8
    endloop
  endfacet
  facet normal 0 0 -1
    outer loop
      vertex 74.8 0 0
      vertex 62.4 23.4 0
      vertex 74.8 46.8 0
    endloop
  endfacet
  facet normal 0 0 -1
    outer loop
      vertex 74.8 0 0
      vertex 62.3759 22.9099 0
      vertex 62.4 23.4 0
    endloop
  endfacet
  facet normal 0 0 -1
    outer loop
      vertex 74.8 0 0
      vertex 62.3039 22.4245 0
      vertex 62.3759 22.9099 0
    endloop
  endfacet
  facet normal 0 0 -1
    outer loop
      vertex 74.8 0 0
      vertex 62.1847 21.9486 0
      vertex 62.3039 22.4245 0
    endloop
  endfacet
  facet normal 0 0 -1
    outer loop
      vertex 74.8 0 0
      vertex 62.0194 21.4866 0
      vertex 62.1847 21.9486 0
    endloop
  endfacet
  facet normal 0 0 -1
    outer loop
      vertex 74.8 0 0
      vertex 61.8096 21.043 0
      vertex 62.0194 21.4866 0
    endloop
  endfacet
  facet normal 0 0 -1
    outer loop
      vertex 74.8 0 0
      vertex 61.5573 20.6221 0
      vertex 61.8096 21.043 0
    endloop
  endfacet
  facet normal 0 0 -1
    outer loop
      vertex 74.8 0 0
      vertex 61.2651 20.228 0
      vertex 61.5573 20.6221 0
    endloop
  endfacet
  facet normal 0 0 -1
    outer loop
      vertex 74.8 0 0
      vertex 60.9355 19.8645 0
      vertex 61.2651 20.228 0
    endloop
  endfacet
  facet normal 0 0 -1
    outer loop
      vertex 74.8 0 0
      vertex 60.572 19.5349 0
      vertex 60.9355 19.8645 0
    endloop
  endfacet
  facet normal 0 0 -1
    outer loop
      vertex 74.8 0 0
      vertex 60.1778 19.2427 0
      vertex 60.572 19.5349 0
    endloop
  endfacet
  facet normal 0 0 -1
    outer loop
      vertex 74.8 0 0
      vertex 59.757 18.9904 0
      vertex 60.1778 19.2427 0
    endloop
  endfacet
  facet normal 0 0 -1
    outer loop
      vertex 74.8 0 0
      vertex 59.3134 18.7806 0
      vertex 59.757 18.9904 0
    endloop
  endfacet
  facet normal 0 0 -1
    outer loop
      vertex 74.8 0 0
      vertex 58.8514 18.6153 0
      vertex 59.3134 18.7806 0
    endloop
  endfacet
  facet normal 0 0 -1
    outer loop
      vertex 74.8 0 0
      vertex 58.3755 18.4961 0
      vertex 58.8514 18.6153 0
    endloop
  endfacet
  facet normal 0 0 -1
    outer loop
      vertex 74.8 0 0
      vertex 57.8901 18.4241 0
      vertex 58.3755 18.4961 0
    endloop
  endfacet
  facet normal 0 0 -1
    outer loop
      vertex 74.8 0 0
      vertex 57.4 18.4 0
      vertex 57.8901 18.4241 0
    endloop
  endfacet
  facet normal 0 0 -1
    outer loop
      vertex 74.8 0 0
      vertex 56.9099 18.4241 0
      vertex 57.4 18.4 0
    endloop
  endfacet
  facet normal 0 0 -1
    outer loop
      vertex 74.8 0 0
      vertex 56.4245 18.4961 0
      vertex 56.9099 18.4241 0
    endloop
  endfacet
  facet normal 0 0 -1
    outer loop
      vertex 74.8 0 0
      vertex 55.9486 18.6153 0
      vertex 56.4245 18.4961 0
    endloop
  endfacet
  facet normal 0 0 -1
    outer loop
      vertex 74.8 0 0
      vertex 55.4866 18.7806 0
      vertex 55.9486 18.6153 0
    endloop
  endfacet
  facet normal 0 0 -1
    outer loop
      vertex 20.2284 18.1085 0
      vertex 55.4866 18.7806 0
      vertex 74.8 0 0
    endloop
  endfacet
  facet normal -0 0 -1
    outer loop
      vertex 55.4866 18.7806 0
      vertex 20.2284 18.1085 0
      vertex 55.043 18.9904 0
    endloop
  endfacet
  facet normal 0 -0 -1
    outer loop
      vertex 20.7334 18.4112 0
      vertex 55.043 18.9904 0
      vertex 20.2284 18.1085 0
    endloop
  endfacet
  facet normal -0 0 -1
    outer loop
      vertex 55.043 18.9904 0
      vertex 20.7334 18.4112 0
      vertex 54.6221 19.2427 0
    endloop
  endfacet
  facet normal 0 0 -1
    outer loop
      vertex 52.4241 22.9099 0
      vertex 23.4 23.4 0
      vertex 52.4 23.4 0
    endloop
  endfacet
  facet normal 0 0 -1
    outer loop
      vertex 23.3711 22.8119 0
      vertex 52.4241 22.9099 0
      vertex 52.4961 22.4245 0
    endloop
  endfacet
  facet normal 0 0 -1
    outer loop
      vertex 23.2847 22.2295 0
      vertex 52.4961 22.4245 0
      vertex 52.6153 21.9486 0
    endloop
  endfacet
  facet normal 0 0 -1
    outer loop
      vertex 23.1416 21.6583 0
      vertex 52.6153 21.9486 0
      vertex 52.7806 21.4866 0
    endloop
  endfacet
  facet normal 0 0 -1
    outer loop
      vertex 22.9433 21.1039 0
      vertex 52.7806 21.4866 0
      vertex 52.9904 21.043 0
    endloop
  endfacet
  facet normal 0 0 -1
    outer loop
      vertex 22.6915 20.5716 0
      vertex 52.9904 21.043 0
      vertex 53.2427 20.6221 0
    endloop
  endfacet
  facet normal 0 0 -1
    outer loop
      vertex 22.3888 20.0666 0
      vertex 53.2427 20.6221 0
      vertex 53.5349 20.228 0
    endloop
  endfacet
  facet normal 0 0 -1
    outer loop
      vertex 22.0381 19.5936 0
      vertex 53.5349 20.228 0
      vertex 53.8645 19.8645 0
    endloop
  endfacet
  facet normal 0 -0 -1
    outer loop
      vertex 21.2064 18.7619 0
      vertex 54.6221 19.2427 0
      vertex 20.7334 18.4112 0
    endloop
  endfacet
  facet normal -0 0 -1
    outer loop
      vertex 52.4241 22.9099 0
      vertex 23.3711 22.8119 0
      vertex 23.4 23.4 0
    endloop
  endfacet
  facet normal -0 0 -1
    outer loop
      vertex 52.4961 22.4245 0
      vertex 23.2847 22.2295 0
      vertex 23.3711 22.8119 0
    endloop
  endfacet
  facet normal -0 0 -1
    outer loop
      vertex 52.6153 21.9486 0
      vertex 23.1416 21.6583 0
      vertex 23.2847 22.2295 0
    endloop
  endfacet
  facet normal -0 0 -1
    outer loop
      vertex 52.7806 21.4866 0
      vertex 22.9433 21.1039 0
      vertex 23.1416 21.6583 0
    endloop
  endfacet
  facet normal -0 0 -1
    outer loop
      vertex 52.9904 21.043 0
      vertex 22.6915 20.5716 0
      vertex 22.9433 21.1039 0
    endloop
  endfacet
  facet normal 0 0 -1
    outer loop
      vertex 53.2427 20.6221 0
      vertex 22.3888 20.0666 0
      vertex 22.6915 20.5716 0
    endloop
  endfacet
  facet normal 0 0 -1
    outer loop
      vertex 53.5349 20.228 0
      vertex 22.0381 19.5936 0
      vertex 22.3888 20.0666 0
    endloop
  endfacet
  facet normal 0 0 -1
    outer loop
      vertex 53.8645 19.8645 0
      vertex 21.6426 19.1574 0
      vertex 22.0381 19.5936 0
    endloop
  endfacet
  facet normal -0 0 -1
    outer loop
      vertex 54.228 19.5349 0
      vertex 21.6426 19.1574 0
      vertex 53.8645 19.8645 0
    endloop
  endfacet
  facet normal 0 -0 -1
    outer loop
      vertex 21.6426 19.1574 0
      vertex 54.228 19.5349 0
      vertex 21.2064 18.7619 0
    endloop
  endfacet
  facet normal -0 0 -1
    outer loop
      vertex 54.6221 19.2427 0
      vertex 21.2064 18.7619 0
      vertex 54.228 19.5349 0
    endloop
  endfacet
  facet normal 0 0 -1
    outer loop
      vertex 74.8 0 0
      vertex 19.6961 17.8567 0
      vertex 20.2284 18.1085 0
    endloop
  endfacet
  facet normal 0 0 -1
    outer loop
      vertex 0 0 0
      vertex 19.6961 17.8567 0
      vertex 74.8 0 0
    endloop
  endfacet
  facet normal 0 0 -1
    outer loop
      vertex 19.6961 17.8567 0
      vertex 0 0 0
      vertex 19.1417 17.6584 0
    endloop
  endfacet
  facet normal 0 0 -1
    outer loop
      vertex 19.1417 17.6584 0
      vertex 0 0 0
      vertex 18.5705 17.5153 0
    endloop
  endfacet
  facet normal 0 0 -1
    outer loop
      vertex 18.5705 17.5153 0
      vertex 0 0 0
      vertex 17.9881 17.4289 0
    endloop
  endfacet
  facet normal 0 0 -1
    outer loop
      vertex 17.9881 17.4289 0
      vertex 0 0 0
      vertex 17.4 17.4 0
    endloop
  endfacet
  facet normal -0 0 -1
    outer loop
      vertex 17.4 17.4 0
      vertex 0 0 0
      vertex 16.8119 17.4289 0
    endloop
  endfacet
  facet normal -0 0 -1
    outer loop
      vertex 16.8119 17.4289 0
      vertex 0 0 0
      vertex 16.2295 17.5153 0
    endloop
  endfacet
  facet normal -0 0 -1
    outer loop
      vertex 11.4289 22.8119 0
      vertex 0 0 0
      vertex 11.4 23.4 0
    endloop
  endfacet
  facet normal -0 0 -1
    outer loop
      vertex 11.5153 22.2295 0
      vertex 0 0 0
      vertex 11.4289 22.8119 0
    endloop
  endfacet
  facet normal -0 0 -1
    outer loop
      vertex 11.6584 21.6583 0
      vertex 0 0 0
      vertex 11.5153 22.2295 0
    endloop
  endfacet
  facet normal -0 0 -1
    outer loop
      vertex 11.8567 21.1039 0
      vertex 0 0 0
      vertex 11.6584 21.6583 0
    endloop
  endfacet
  facet normal -0 0 -1
    outer loop
      vertex 12.1085 20.5716 0
      vertex 0 0 0
      vertex 11.8567 21.1039 0
    endloop
  endfacet
  facet normal -0 0 -1
    outer loop
      vertex 12.4112 20.0666 0
      vertex 0 0 0
      vertex 12.1085 20.5716 0
    endloop
  endfacet
  facet normal -0 0 -1
    outer loop
      vertex 12.7619 19.5936 0
      vertex 0 0 0
      vertex 12.4112 20.0666 0
    endloop
  endfacet
  facet normal -0 0 -1
    outer loop
      vertex 13.1574 19.1574 0
      vertex 0 0 0
      vertex 12.7619 19.5936 0
    endloop
  endfacet
  facet normal -0 0 -1
    outer loop
      vertex 13.5936 18.7619 0
      vertex 0 0 0
      vertex 13.1574 19.1574 0
    endloop
  endfacet
  facet normal -0 0 -1
    outer loop
      vertex 14.0666 18.4112 0
      vertex 0 0 0
      vertex 13.5936 18.7619 0
    endloop
  endfacet
  facet normal -0 0 -1
    outer loop
      vertex 14.5716 18.1085 0
      vertex 0 0 0
      vertex 14.0666 18.4112 0
    endloop
  endfacet
  facet normal -0 0 -1
    outer loop
      vertex 15.1039 17.8567 0
      vertex 0 0 0
      vertex 14.5716 18.1085 0
    endloop
  endfacet
  facet normal -0 0 -1
    outer loop
      vertex 15.6583 17.6584 0
      vertex 0 0 0
      vertex 15.1039 17.8567 0
    endloop
  endfacet
  facet normal -0 0 -1
    outer loop
      vertex 16.2295 17.5153 0
      vertex 0 0 0
      vertex 15.6583 17.6584 0
    endloop
  endfacet
  facet normal 0 0 -1
    outer loop
      vertex 62.3759 23.8901 0
      vertex 74.8 46.8 0
      vertex 62.4 23.4 0
    endloop
  endfacet
  facet normal 0 0 -1
    outer loop
      vertex 62.3039 24.3755 0
      vertex 74.8 46.8 0
      vertex 62.3759 23.8901 0
    endloop
  endfacet
  facet normal 0 0 -1
    outer loop
      vertex 62.1847 24.8514 0
      vertex 74.8 46.8 0
      vertex 62.3039 24.3755 0
    endloop
  endfacet
  facet normal 0 0 -1
    outer loop
      vertex 62.0194 25.3134 0
      vertex 74.8 46.8 0
      vertex 62.1847 24.8514 0
    endloop
  endfacet
  facet normal 0 0 -1
    outer loop
      vertex 61.8096 25.757 0
      vertex 74.8 46.8 0
      vertex 62.0194 25.3134 0
    endloop
  endfacet
  facet normal 0 0 -1
    outer loop
      vertex 61.5573 26.1779 0
      vertex 74.8 46.8 0
      vertex 61.8096 25.757 0
    endloop
  endfacet
  facet normal 0 0 -1
    outer loop
      vertex 61.2651 26.572 0
      vertex 74.8 46.8 0
      vertex 61.5573 26.1779 0
    endloop
  endfacet
  facet normal 0 0 -1
    outer loop
      vertex 60.9355 26.9355 0
      vertex 74.8 46.8 0
      vertex 61.2651 26.572 0
    endloop
  endfacet
  facet normal 0 0 -1
    outer loop
      vertex 60.572 27.2651 0
      vertex 74.8 46.8 0
      vertex 60.9355 26.9355 0
    endloop
  endfacet
  facet normal 0 0 -1
    outer loop
      vertex 60.1778 27.5573 0
      vertex 74.8 46.8 0
      vertex 60.572 27.2651 0
    endloop
  endfacet
  facet normal 0 0 -1
    outer loop
      vertex 59.757 27.8096 0
      vertex 74.8 46.8 0
      vertex 60.1778 27.5573 0
    endloop
  endfacet
  facet normal 0 0 -1
    outer loop
      vertex 59.3134 28.0194 0
      vertex 74.8 46.8 0
      vertex 59.757 27.8096 0
    endloop
  endfacet
  facet normal 0 0 -1
    outer loop
      vertex 58.8514 28.1847 0
      vertex 74.8 46.8 0
      vertex 59.3134 28.0194 0
    endloop
  endfacet
  facet normal 0 0 -1
    outer loop
      vertex 58.3755 28.3039 0
      vertex 74.8 46.8 0
      vertex 58.8514 28.1847 0
    endloop
  endfacet
  facet normal 0 0 -1
    outer loop
      vertex 57.8901 28.3759 0
      vertex 74.8 46.8 0
      vertex 58.3755 28.3039 0
    endloop
  endfacet
  facet normal 0 0 -1
    outer loop
      vertex 57.4 28.4 0
      vertex 74.8 46.8 0
      vertex 57.8901 28.3759 0
    endloop
  endfacet
  facet normal 0 0 -1
    outer loop
      vertex 56.9099 28.3759 0
      vertex 74.8 46.8 0
      vertex 57.4 28.4 0
    endloop
  endfacet
  facet normal 0 0 -1
    outer loop
      vertex 56.4245 28.3039 0
      vertex 74.8 46.8 0
      vertex 56.9099 28.3759 0
    endloop
  endfacet
  facet normal 0 0 -1
    outer loop
      vertex 55.9486 28.1847 0
      vertex 74.8 46.8 0
      vertex 56.4245 28.3039 0
    endloop
  endfacet
  facet normal 0 0 -1
    outer loop
      vertex 55.4866 28.0194 0
      vertex 74.8 46.8 0
      vertex 55.9486 28.1847 0
    endloop
  endfacet
  facet normal 0 0 -1
    outer loop
      vertex 20.2284 28.6915 0
      vertex 55.4866 28.0194 0
      vertex 55.043 27.8096 0
    endloop
  endfacet
  facet normal 0 0 -1
    outer loop
      vertex 20.7334 28.3888 0
      vertex 55.043 27.8096 0
      vertex 54.6221 27.5573 0
    endloop
  endfacet
  facet normal 0 0 -1
    outer loop
      vertex 21.2064 28.0381 0
      vertex 54.6221 27.5573 0
      vertex 54.228 27.2651 0
    endloop
  endfacet
  facet normal 0 0 -1
    outer loop
      vertex 21.6426 27.6426 0
      vertex 54.228 27.2651 0
      vertex 53.8645 26.9355 0
    endloop
  endfacet
  facet normal 0 0 -1
    outer loop
      vertex 23.4 23.4 0
      vertex 52.4241 23.8901 0
      vertex 52.4 23.4 0
    endloop
  endfacet
  facet normal 0 0 -1
    outer loop
      vertex 23.3711 23.9881 0
      vertex 52.4241 23.8901 0
      vertex 23.4 23.4 0
    endloop
  endfacet
  facet normal 0 0 -1
    outer loop
      vertex 52.4241 23.8901 0
      vertex 23.3711 23.9881 0
      vertex 52.4961 24.3755 0
    endloop
  endfacet
  facet normal 0 0 -1
    outer loop
      vertex 23.2847 24.5705 0
      vertex 52.4961 24.3755 0
      vertex 23.3711 23.9881 0
    endloop
  endfacet
  facet normal 0 0 -1
    outer loop
      vertex 52.4961 24.3755 0
      vertex 23.2847 24.5705 0
      vertex 52.6153 24.8514 0
    endloop
  endfacet
  facet normal 0 0 -1
    outer loop
      vertex 23.1416 25.1417 0
      vertex 52.6153 24.8514 0
      vertex 23.2847 24.5705 0
    endloop
  endfacet
  facet normal 0 0 -1
    outer loop
      vertex 52.6153 24.8514 0
      vertex 23.1416 25.1417 0
      vertex 52.7806 25.3134 0
    endloop
  endfacet
  facet normal 0 0 -1
    outer loop
      vertex 22.9433 25.6961 0
      vertex 52.7806 25.3134 0
      vertex 23.1416 25.1417 0
    endloop
  endfacet
  facet normal 0 0 -1
    outer loop
      vertex 52.7806 25.3134 0
      vertex 22.9433 25.6961 0
      vertex 52.9904 25.757 0
    endloop
  endfacet
  facet normal 0 0 -1
    outer loop
      vertex 22.6915 26.2284 0
      vertex 52.9904 25.757 0
      vertex 22.9433 25.6961 0
    endloop
  endfacet
  facet normal 0 0 -1
    outer loop
      vertex 52.9904 25.757 0
      vertex 22.6915 26.2284 0
      vertex 53.2427 26.1779 0
    endloop
  endfacet
  facet normal 0 0 -1
    outer loop
      vertex 22.3888 26.7334 0
      vertex 53.2427 26.1779 0
      vertex 22.6915 26.2284 0
    endloop
  endfacet
  facet normal 0 0 -1
    outer loop
      vertex 53.2427 26.1779 0
      vertex 22.3888 26.7334 0
      vertex 53.5349 26.572 0
    endloop
  endfacet
  facet normal 0 0 -1
    outer loop
      vertex 22.0381 27.2064 0
      vertex 53.5349 26.572 0
      vertex 22.3888 26.7334 0
    endloop
  endfacet
  facet normal 0 0 -1
    outer loop
      vertex 53.5349 26.572 0
      vertex 22.0381 27.2064 0
      vertex 53.8645 26.9355 0
    endloop
  endfacet
  facet normal 0 0 -1
    outer loop
      vertex 21.6426 27.6426 0
      vertex 53.8645 26.9355 0
      vertex 22.0381 27.2064 0
    endloop
  endfacet
  facet normal 0 0 -1
    outer loop
      vertex 54.228 27.2651 0
      vertex 21.6426 27.6426 0
      vertex 21.2064 28.0381 0
    endloop
  endfacet
  facet normal 0 0 -1
    outer loop
      vertex 54.6221 27.5573 0
      vertex 21.2064 28.0381 0
      vertex 20.7334 28.3888 0
    endloop
  endfacet
  facet normal 0 0 -1
    outer loop
      vertex 55.043 27.8096 0
      vertex 20.7334 28.3888 0
      vertex 20.2284 28.6915 0
    endloop
  endfacet
  facet normal 0 0 -1
    outer loop
      vertex 55.4866 28.0194 0
      vertex 20.2284 28.6915 0
      vertex 74.8 46.8 0
    endloop
  endfacet
  facet normal 0 0 -1
    outer loop
      vertex 19.6961 28.9433 0
      vertex 74.8 46.8 0
      vertex 20.2284 28.6915 0
    endloop
  endfacet
  facet normal 0 0 -1
    outer loop
      vertex 0 46.8 0
      vertex 19.6961 28.9433 0
      vertex 19.1417 29.1416 0
    endloop
  endfacet
  facet normal 0 0 -1
    outer loop
      vertex 0 46.8 0
      vertex 19.1417 29.1416 0
      vertex 18.5705 29.2847 0
    endloop
  endfacet
  facet normal 0 0 -1
    outer loop
      vertex 0 46.8 0
      vertex 18.5705 29.2847 0
      vertex 17.9881 29.3711 0
    endloop
  endfacet
  facet normal 0 0 -1
    outer loop
      vertex 0 46.8 0
      vertex 17.9881 29.3711 0
      vertex 17.4 29.4 0
    endloop
  endfacet
  facet normal 0 0 -1
    outer loop
      vertex 0 46.8 0
      vertex 17.4 29.4 0
      vertex 16.8119 29.3711 0
    endloop
  endfacet
  facet normal 0 0 -1
    outer loop
      vertex 0 46.8 0
      vertex 16.8119 29.3711 0
      vertex 16.2295 29.2847 0
    endloop
  endfacet
  facet normal 0 0 -1
    outer loop
      vertex 0 46.8 0
      vertex 16.2295 29.2847 0
      vertex 15.6583 29.1416 0
    endloop
  endfacet
  facet normal 0 0 -1
    outer loop
      vertex 0 46.8 0
      vertex 11.4 23.4 0
      vertex 0 0 0
    endloop
  endfacet
  facet normal 0 0 -1
    outer loop
      vertex 11.4 23.4 0
      vertex 0 46.8 0
      vertex 11.4289 23.9881 0
    endloop
  endfacet
  facet normal 0 0 -1
    outer loop
      vertex 11.4289 23.9881 0
      vertex 0 46.8 0
      vertex 11.5153 24.5705 0
    endloop
  endfacet
  facet normal 0 0 -1
    outer loop
      vertex 11.5153 24.5705 0
      vertex 0 46.8 0
      vertex 11.6584 25.1417 0
    endloop
  endfacet
  facet normal 0 0 -1
    outer loop
      vertex 19.6961 28.9433 0
      vertex 0 46.8 0
      vertex 74.8 46.8 0
    endloop
  endfacet
  facet normal 0 0 -1
    outer loop
      vertex 15.1039 28.9433 0
      vertex 0 46.8 0
      vertex 15.6583 29.1416 0
    endloop
  endfacet
  facet normal 0 0 -1
    outer loop
      vertex 14.5716 28.6915 0
      vertex 0 46.8 0
      vertex 15.1039 28.9433 0
    endloop
  endfacet
  facet normal 0 0 -1
    outer loop
      vertex 14.0666 28.3888 0
      vertex 0 46.8 0
      vertex 14.5716 28.6915 0
    endloop
  endfacet
  facet normal 0 0 -1
    outer loop
      vertex 13.5936 28.0381 0
      vertex 0 46.8 0
      vertex 14.0666 28.3888 0
    endloop
  endfacet
  facet normal 0 0 -1
    outer loop
      vertex 13.1574 27.6426 0
      vertex 0 46.8 0
      vertex 13.5936 28.0381 0
    endloop
  endfacet
  facet normal 0 0 -1
    outer loop
      vertex 12.7619 27.2064 0
      vertex 0 46.8 0
      vertex 13.1574 27.6426 0
    endloop
  endfacet
  facet normal 0 0 -1
    outer loop
      vertex 12.4112 26.7334 0
      vertex 0 46.8 0
      vertex 12.7619 27.2064 0
    endloop
  endfacet
  facet normal 0 0 -1
    outer loop
      vertex 12.1085 26.2284 0
      vertex 0 46.8 0
      vertex 12.4112 26.7334 0
    endloop
  endfacet
  facet normal 0 0 -1
    outer loop
      vertex 11.8567 25.6961 0
      vertex 0 46.8 0
      vertex 12.1085 26.2284 0
    endloop
  endfacet
  facet normal 0 0 -1
    outer loop
      vertex 11.6584 25.1417 0
      vertex 0 46.8 0
      vertex 11.8567 25.6961 0
    endloop
  endfacet
  facet normal -1 0 0
    outer loop
      vertex 0 46.8 0
      vertex 0 0 0
      vertex 0 46.8 54.4
    endloop
  endfacet
  facet normal -1 0 0
    outer loop
      vertex 0 46.8 54.4
      vertex 0 58.8 56.8
      vertex 0 58.8 54.4
    endloop
  endfacet
  facet normal -1 0 0
    outer loop
      vertex 0 46.8 54.4
      vertex 0 0 56.8
      vertex 0 58.8 56.8
    endloop
  endfacet
  facet normal -1 0 0
    outer loop
      vertex 0 0 56.8
      vertex 0 46.8 54.4
      vertex 0 0 0
    endloop
  endfacet
  facet normal 0 1 0
    outer loop
      vertex 74.8 46.8 54.8
      vertex 72.4277 46.8 54.4
      vertex 72.4277 46.8 54.8
    endloop
  endfacet
  facet normal 0 1 0
    outer loop
      vertex 74.8 46.8 0
      vertex 14.3723 46.8 54.4
      vertex 72.4277 46.8 54.4
    endloop
  endfacet
  facet normal 0 1 0
    outer loop
      vertex 0 46.8 0
      vertex 14.3723 46.8 54.4
      vertex 74.8 46.8 0
    endloop
  endfacet
  facet normal 0 1 -0
    outer loop
      vertex 74.8 46.8 0
      vertex 72.4277 46.8 54.4
      vertex 74.8 46.8 54.8
    endloop
  endfacet
  facet normal 0 1 0
    outer loop
      vertex 14.3723 46.8 54.4
      vertex 0 46.8 0
      vertex 11.6277 46.8 54.4
    endloop
  endfacet
  facet normal 0 1 0
    outer loop
      vertex 11.6277 46.8 54.4
      vertex 0 46.8 0
      vertex 0 46.8 54.4
    endloop
  endfacet
  facet normal 0 1 -0
    outer loop
      vertex 14.3723 46.8 54.4
      vertex 11.6277 46.8 54.8
      vertex 14.3723 46.8 54.8
    endloop
  endfacet
  facet normal 0 1 0
    outer loop
      vertex 11.6277 46.8 54.8
      vertex 14.3723 46.8 54.4
      vertex 11.6277 46.8 54.4
    endloop
  endfacet
  facet normal 0 -1 0
    outer loop
      vertex 0 0 56.8
      vertex 74.8 0 54.4
      vertex 86.8 0 56.8
    endloop
  endfacet
  facet normal 0 -1 0
    outer loop
      vertex 0 0 0
      vertex 74.8 0 54.4
      vertex 0 0 56.8
    endloop
  endfacet
  facet normal 0 -1 -0
    outer loop
      vertex 74.8 0 54.4
      vertex 0 0 0
      vertex 74.8 0 0
    endloop
  endfacet
  facet normal 0 -1 -0
    outer loop
      vertex 86.8 0 56.8
      vertex 74.8 0 54.4
      vertex 86.8 0 54.4
    endloop
  endfacet
  facet normal -1 0 0
    outer loop
      vertex 72.4 44.4 2.8
      vertex 72.4 13.9627 54.4
      vertex 72.4 44.4 54.4
    endloop
  endfacet
  facet normal -1 0 0
    outer loop
      vertex 72.4 13.9627 54.4
      vertex 72.4 12.0373 54.4
      vertex 72.4 13.9627 54.8
    endloop
  endfacet
  facet normal -1 0 0
    outer loop
      vertex 72.4 2.4 2.8
      vertex 72.4 13.9627 54.4
      vertex 72.4 44.4 2.8
    endloop
  endfacet
  facet normal -1 -0 0
    outer loop
      vertex 72.4 13.9627 54.4
      vertex 72.4 2.4 2.8
      vertex 72.4 12.0373 54.4
    endloop
  endfacet
  facet normal -1 -0 0
    outer loop
      vertex 72.4 12.0373 54.4
      vertex 72.4 2.4 2.8
      vertex 72.4 2.4 54.4
    endloop
  endfacet
  facet normal -1 -0 0
    outer loop
      vertex 72.4 13.9627 54.8
      vertex 72.4 12.0373 54.4
      vertex 72.4 12.0373 54.8
    endloop
  endfacet
  facet normal 0 0 1
    outer loop
      vertex 72.4 44.4 2.8
      vertex 62.4 23.4 2.8
      vertex 72.4 2.4 2.8
    endloop
  endfacet
  facet normal 0 0 1
    outer loop
      vertex 72.4 44.4 2.8
      vertex 62.3759 23.8901 2.8
      vertex 62.4 23.4 2.8
    endloop
  endfacet
  facet normal 0 0 1
    outer loop
      vertex 72.4 44.4 2.8
      vertex 62.3039 24.3755 2.8
      vertex 62.3759 23.8901 2.8
    endloop
  endfacet
  facet normal 0 0 1
    outer loop
      vertex 72.4 44.4 2.8
      vertex 62.1847 24.8514 2.8
      vertex 62.3039 24.3755 2.8
    endloop
  endfacet
  facet normal 0 0 1
    outer loop
      vertex 72.4 44.4 2.8
      vertex 62.0194 25.3134 2.8
      vertex 62.1847 24.8514 2.8
    endloop
  endfacet
  facet normal 0 0 1
    outer loop
      vertex 72.4 44.4 2.8
      vertex 61.8096 25.757 2.8
      vertex 62.0194 25.3134 2.8
    endloop
  endfacet
  facet normal 0 0 1
    outer loop
      vertex 72.4 44.4 2.8
      vertex 61.5573 26.1779 2.8
      vertex 61.8096 25.757 2.8
    endloop
  endfacet
  facet normal 0 0 1
    outer loop
      vertex 72.4 44.4 2.8
      vertex 61.2651 26.572 2.8
      vertex 61.5573 26.1779 2.8
    endloop
  endfacet
  facet normal 0 0 1
    outer loop
      vertex 72.4 44.4 2.8
      vertex 60.9355 26.9355 2.8
      vertex 61.2651 26.572 2.8
    endloop
  endfacet
  facet normal 0 0 1
    outer loop
      vertex 72.4 44.4 2.8
      vertex 60.572 27.2651 2.8
      vertex 60.9355 26.9355 2.8
    endloop
  endfacet
  facet normal 0 0 1
    outer loop
      vertex 72.4 44.4 2.8
      vertex 60.1778 27.5573 2.8
      vertex 60.572 27.2651 2.8
    endloop
  endfacet
  facet normal 0 0 1
    outer loop
      vertex 72.4 44.4 2.8
      vertex 59.757 27.8096 2.8
      vertex 60.1778 27.5573 2.8
    endloop
  endfacet
  facet normal 0 0 1
    outer loop
      vertex 72.4 44.4 2.8
      vertex 59.3134 28.0194 2.8
      vertex 59.757 27.8096 2.8
    endloop
  endfacet
  facet normal 0 0 1
    outer loop
      vertex 72.4 44.4 2.8
      vertex 58.8514 28.1847 2.8
      vertex 59.3134 28.0194 2.8
    endloop
  endfacet
  facet normal 0 0 1
    outer loop
      vertex 72.4 44.4 2.8
      vertex 58.3755 28.3039 2.8
      vertex 58.8514 28.1847 2.8
    endloop
  endfacet
  facet normal 0 0 1
    outer loop
      vertex 72.4 44.4 2.8
      vertex 57.8901 28.3759 2.8
      vertex 58.3755 28.3039 2.8
    endloop
  endfacet
  facet normal 0 0 1
    outer loop
      vertex 72.4 44.4 2.8
      vertex 57.4 28.4 2.8
      vertex 57.8901 28.3759 2.8
    endloop
  endfacet
  facet normal 0 0 1
    outer loop
      vertex 72.4 44.4 2.8
      vertex 56.9099 28.3759 2.8
      vertex 57.4 28.4 2.8
    endloop
  endfacet
  facet normal 0 0 1
    outer loop
      vertex 72.4 44.4 2.8
      vertex 56.4245 28.3039 2.8
      vertex 56.9099 28.3759 2.8
    endloop
  endfacet
  facet normal 0 0 1
    outer loop
      vertex 72.4 44.4 2.8
      vertex 55.9486 28.1847 2.8
      vertex 56.4245 28.3039 2.8
    endloop
  endfacet
  facet normal 0 0 1
    outer loop
      vertex 72.4 44.4 2.8
      vertex 55.4866 28.0194 2.8
      vertex 55.9486 28.1847 2.8
    endloop
  endfacet
  facet normal 0 0 1
    outer loop
      vertex 72.4 44.4 2.8
      vertex 55.043 27.8096 2.8
      vertex 55.4866 28.0194 2.8
    endloop
  endfacet
  facet normal -0 0 1
    outer loop
      vertex 20.2284 28.6915 2.8
      vertex 55.043 27.8096 2.8
      vertex 72.4 44.4 2.8
    endloop
  endfacet
  facet normal -0 -0 1
    outer loop
      vertex 20.7334 28.3888 2.8
      vertex 55.043 27.8096 2.8
      vertex 20.2284 28.6915 2.8
    endloop
  endfacet
  facet normal 0 0 1
    outer loop
      vertex 55.043 27.8096 2.8
      vertex 20.7334 28.3888 2.8
      vertex 54.6221 27.5573 2.8
    endloop
  endfacet
  facet normal 0 0 1
    outer loop
      vertex 52.4241 23.8901 2.8
      vertex 23.4 23.4 2.8
      vertex 52.4 23.4 2.8
    endloop
  endfacet
  facet normal -0 0 1
    outer loop
      vertex 23.3711 23.9881 2.8
      vertex 52.4241 23.8901 2.8
      vertex 52.4961 24.3755 2.8
    endloop
  endfacet
  facet normal -0 0 1
    outer loop
      vertex 23.2847 24.5705 2.8
      vertex 52.4961 24.3755 2.8
      vertex 52.6153 24.8514 2.8
    endloop
  endfacet
  facet normal -0 0 1
    outer loop
      vertex 23.1416 25.1417 2.8
      vertex 52.6153 24.8514 2.8
      vertex 52.7806 25.3134 2.8
    endloop
  endfacet
  facet normal -0 0 1
    outer loop
      vertex 22.9433 25.6961 2.8
      vertex 52.7806 25.3134 2.8
      vertex 52.9904 25.757 2.8
    endloop
  endfacet
  facet normal 0 0 1
    outer loop
      vertex 22.6915 26.2284 2.8
      vertex 52.9904 25.757 2.8
      vertex 53.2427 26.1779 2.8
    endloop
  endfacet
  facet normal 0 0 1
    outer loop
      vertex 22.3888 26.7334 2.8
      vertex 53.2427 26.1779 2.8
      vertex 53.5349 26.572 2.8
    endloop
  endfacet
  facet normal 0 0 1
    outer loop
      vertex 22.0381 27.2064 2.8
      vertex 53.5349 26.572 2.8
      vertex 53.8645 26.9355 2.8
    endloop
  endfacet
  facet normal -0 -0 1
    outer loop
      vertex 21.2064 28.0381 2.8
      vertex 54.6221 27.5573 2.8
      vertex 20.7334 28.3888 2.8
    endloop
  endfacet
  facet normal 0 0 1
    outer loop
      vertex 52.4241 23.8901 2.8
      vertex 23.3711 23.9881 2.8
      vertex 23.4 23.4 2.8
    endloop
  endfacet
  facet normal 0 0 1
    outer loop
      vertex 52.4961 24.3755 2.8
      vertex 23.2847 24.5705 2.8
      vertex 23.3711 23.9881 2.8
    endloop
  endfacet
  facet normal 0 0 1
    outer loop
      vertex 52.6153 24.8514 2.8
      vertex 23.1416 25.1417 2.8
      vertex 23.2847 24.5705 2.8
    endloop
  endfacet
  facet normal 0 0 1
    outer loop
      vertex 52.7806 25.3134 2.8
      vertex 22.9433 25.6961 2.8
      vertex 23.1416 25.1417 2.8
    endloop
  endfacet
  facet normal 0 0 1
    outer loop
      vertex 52.9904 25.757 2.8
      vertex 22.6915 26.2284 2.8
      vertex 22.9433 25.6961 2.8
    endloop
  endfacet
  facet normal 0 0 1
    outer loop
      vertex 53.2427 26.1779 2.8
      vertex 22.3888 26.7334 2.8
      vertex 22.6915 26.2284 2.8
    endloop
  endfacet
  facet normal 0 0 1
    outer loop
      vertex 53.5349 26.572 2.8
      vertex 22.0381 27.2064 2.8
      vertex 22.3888 26.7334 2.8
    endloop
  endfacet
  facet normal 0 0 1
    outer loop
      vertex 53.8645 26.9355 2.8
      vertex 21.6426 27.6426 2.8
      vertex 22.0381 27.2064 2.8
    endloop
  endfacet
  facet normal 0 0 1
    outer loop
      vertex 54.228 27.2651 2.8
      vertex 21.6426 27.6426 2.8
      vertex 53.8645 26.9355 2.8
    endloop
  endfacet
  facet normal -0 -0 1
    outer loop
      vertex 21.6426 27.6426 2.8
      vertex 54.228 27.2651 2.8
      vertex 21.2064 28.0381 2.8
    endloop
  endfacet
  facet normal 0 0 1
    outer loop
      vertex 54.6221 27.5573 2.8
      vertex 21.2064 28.0381 2.8
      vertex 54.228 27.2651 2.8
    endloop
  endfacet
  facet normal 0 0 1
    outer loop
      vertex 72.4 44.4 2.8
      vertex 19.6961 28.9433 2.8
      vertex 20.2284 28.6915 2.8
    endloop
  endfacet
  facet normal -0 0 1
    outer loop
      vertex 2.4 44.4 2.8
      vertex 19.6961 28.9433 2.8
      vertex 72.4 44.4 2.8
    endloop
  endfacet
  facet normal 0 0 1
    outer loop
      vertex 19.6961 28.9433 2.8
      vertex 2.4 44.4 2.8
      vertex 19.1417 29.1416 2.8
    endloop
  endfacet
  facet normal 0 0 1
    outer loop
      vertex 19.1417 29.1416 2.8
      vertex 2.4 44.4 2.8
      vertex 18.5705 29.2847 2.8
    endloop
  endfacet
  facet normal 0 0 1
    outer loop
      vertex 18.5705 29.2847 2.8
      vertex 2.4 44.4 2.8
      vertex 17.9881 29.3711 2.8
    endloop
  endfacet
  facet normal 0 0 1
    outer loop
      vertex 17.9881 29.3711 2.8
      vertex 2.4 44.4 2.8
      vertex 17.4 29.4 2.8
    endloop
  endfacet
  facet normal 0 0 1
    outer loop
      vertex 17.4 29.4 2.8
      vertex 2.4 44.4 2.8
      vertex 16.8119 29.3711 2.8
    endloop
  endfacet
  facet normal 0 0 1
    outer loop
      vertex 16.8119 29.3711 2.8
      vertex 2.4 44.4 2.8
      vertex 16.2295 29.2847 2.8
    endloop
  endfacet
  facet normal 0 0 1
    outer loop
      vertex 11.4289 23.9881 2.8
      vertex 2.4 44.4 2.8
      vertex 11.4 23.4 2.8
    endloop
  endfacet
  facet normal 0 0 1
    outer loop
      vertex 11.5153 24.5705 2.8
      vertex 2.4 44.4 2.8
      vertex 11.4289 23.9881 2.8
    endloop
  endfacet
  facet normal 0 0 1
    outer loop
      vertex 11.6584 25.1417 2.8
      vertex 2.4 44.4 2.8
      vertex 11.5153 24.5705 2.8
    endloop
  endfacet
  facet normal 0 0 1
    outer loop
      vertex 11.8567 25.6961 2.8
      vertex 2.4 44.4 2.8
      vertex 11.6584 25.1417 2.8
    endloop
  endfacet
  facet normal 0 0 1
    outer loop
      vertex 12.1085 26.2284 2.8
      vertex 2.4 44.4 2.8
      vertex 11.8567 25.6961 2.8
    endloop
  endfacet
  facet normal 0 0 1
    outer loop
      vertex 12.4112 26.7334 2.8
      vertex 2.4 44.4 2.8
      vertex 12.1085 26.2284 2.8
    endloop
  endfacet
  facet normal 0 0 1
    outer loop
      vertex 12.7619 27.2064 2.8
      vertex 2.4 44.4 2.8
      vertex 12.4112 26.7334 2.8
    endloop
  endfacet
  facet normal 0 0 1
    outer loop
      vertex 13.1574 27.6426 2.8
      vertex 2.4 44.4 2.8
      vertex 12.7619 27.2064 2.8
    endloop
  endfacet
  facet normal 0 0 1
    outer loop
      vertex 13.5936 28.0381 2.8
      vertex 2.4 44.4 2.8
      vertex 13.1574 27.6426 2.8
    endloop
  endfacet
  facet normal 0 0 1
    outer loop
      vertex 14.0666 28.3888 2.8
      vertex 2.4 44.4 2.8
      vertex 13.5936 28.0381 2.8
    endloop
  endfacet
  facet normal 0 0 1
    outer loop
      vertex 14.5716 28.6915 2.8
      vertex 2.4 44.4 2.8
      vertex 14.0666 28.3888 2.8
    endloop
  endfacet
  facet normal 0 0 1
    outer loop
      vertex 15.1039 28.9433 2.8
      vertex 2.4 44.4 2.8
      vertex 14.5716 28.6915 2.8
    endloop
  endfacet
  facet normal 0 0 1
    outer loop
      vertex 15.6583 29.1416 2.8
      vertex 2.4 44.4 2.8
      vertex 15.1039 28.9433 2.8
    endloop
  endfacet
  facet normal 0 0 1
    outer loop
      vertex 16.2295 29.2847 2.8
      vertex 2.4 44.4 2.8
      vertex 15.6583 29.1416 2.8
    endloop
  endfacet
  facet normal -0 0 1
    outer loop
      vertex 62.3759 22.9099 2.8
      vertex 72.4 2.4 2.8
      vertex 62.4 23.4 2.8
    endloop
  endfacet
  facet normal -0 0 1
    outer loop
      vertex 62.3039 22.4245 2.8
      vertex 72.4 2.4 2.8
      vertex 62.3759 22.9099 2.8
    endloop
  endfacet
  facet normal -0 0 1
    outer loop
      vertex 62.1847 21.9486 2.8
      vertex 72.4 2.4 2.8
      vertex 62.3039 22.4245 2.8
    endloop
  endfacet
  facet normal -0 0 1
    outer loop
      vertex 62.0194 21.4866 2.8
      vertex 72.4 2.4 2.8
      vertex 62.1847 21.9486 2.8
    endloop
  endfacet
  facet normal -0 0 1
    outer loop
      vertex 61.8096 21.043 2.8
      vertex 72.4 2.4 2.8
      vertex 62.0194 21.4866 2.8
    endloop
  endfacet
  facet normal -0 0 1
    outer loop
      vertex 61.5573 20.6221 2.8
      vertex 72.4 2.4 2.8
      vertex 61.8096 21.043 2.8
    endloop
  endfacet
  facet normal -0 0 1
    outer loop
      vertex 61.2651 20.228 2.8
      vertex 72.4 2.4 2.8
      vertex 61.5573 20.6221 2.8
    endloop
  endfacet
  facet normal -0 0 1
    outer loop
      vertex 60.9355 19.8645 2.8
      vertex 72.4 2.4 2.8
      vertex 61.2651 20.228 2.8
    endloop
  endfacet
  facet normal -0 0 1
    outer loop
      vertex 60.572 19.5349 2.8
      vertex 72.4 2.4 2.8
      vertex 60.9355 19.8645 2.8
    endloop
  endfacet
  facet normal -0 0 1
    outer loop
      vertex 60.1778 19.2427 2.8
      vertex 72.4 2.4 2.8
      vertex 60.572 19.5349 2.8
    endloop
  endfacet
  facet normal -0 0 1
    outer loop
      vertex 59.757 18.9904 2.8
      vertex 72.4 2.4 2.8
      vertex 60.1778 19.2427 2.8
    endloop
  endfacet
  facet normal -0 0 1
    outer loop
      vertex 59.3134 18.7806 2.8
      vertex 72.4 2.4 2.8
      vertex 59.757 18.9904 2.8
    endloop
  endfacet
  facet normal -0 0 1
    outer loop
      vertex 58.8514 18.6153 2.8
      vertex 72.4 2.4 2.8
      vertex 59.3134 18.7806 2.8
    endloop
  endfacet
  facet normal -0 0 1
    outer loop
      vertex 58.3755 18.4961 2.8
      vertex 72.4 2.4 2.8
      vertex 58.8514 18.6153 2.8
    endloop
  endfacet
  facet normal -0 0 1
    outer loop
      vertex 57.8901 18.4241 2.8
      vertex 72.4 2.4 2.8
      vertex 58.3755 18.4961 2.8
    endloop
  endfacet
  facet normal -0 0 1
    outer loop
      vertex 57.4 18.4 2.8
      vertex 72.4 2.4 2.8
      vertex 57.8901 18.4241 2.8
    endloop
  endfacet
  facet normal 0 0 1
    outer loop
      vertex 56.9099 18.4241 2.8
      vertex 72.4 2.4 2.8
      vertex 57.4 18.4 2.8
    endloop
  endfacet
  facet normal 0 0 1
    outer loop
      vertex 56.4245 18.4961 2.8
      vertex 72.4 2.4 2.8
      vertex 56.9099 18.4241 2.8
    endloop
  endfacet
  facet normal 0 0 1
    outer loop
      vertex 55.9486 18.6153 2.8
      vertex 72.4 2.4 2.8
      vertex 56.4245 18.4961 2.8
    endloop
  endfacet
  facet normal 0 0 1
    outer loop
      vertex 55.4866 18.7806 2.8
      vertex 72.4 2.4 2.8
      vertex 55.9486 18.6153 2.8
    endloop
  endfacet
  facet normal 0 0 1
    outer loop
      vertex 55.043 18.9904 2.8
      vertex 72.4 2.4 2.8
      vertex 55.4866 18.7806 2.8
    endloop
  endfacet
  facet normal 0 0 1
    outer loop
      vertex 20.7334 18.4112 2.8
      vertex 55.043 18.9904 2.8
      vertex 54.6221 19.2427 2.8
    endloop
  endfacet
  facet normal 0 0 1
    outer loop
      vertex 21.2064 18.7619 2.8
      vertex 54.6221 19.2427 2.8
      vertex 54.228 19.5349 2.8
    endloop
  endfacet
  facet normal 0 0 1
    outer loop
      vertex 21.6426 19.1574 2.8
      vertex 54.228 19.5349 2.8
      vertex 53.8645 19.8645 2.8
    endloop
  endfacet
  facet normal -0 0 1
    outer loop
      vertex 23.4 23.4 2.8
      vertex 52.4241 22.9099 2.8
      vertex 52.4 23.4 2.8
    endloop
  endfacet
  facet normal 0 0 1
    outer loop
      vertex 23.3711 22.8119 2.8
      vertex 52.4241 22.9099 2.8
      vertex 23.4 23.4 2.8
    endloop
  endfacet
  facet normal 0 0 1
    outer loop
      vertex 52.4241 22.9099 2.8
      vertex 23.3711 22.8119 2.8
      vertex 52.4961 22.4245 2.8
    endloop
  endfacet
  facet normal 0 0 1
    outer loop
      vertex 23.2847 22.2295 2.8
      vertex 52.4961 22.4245 2.8
      vertex 23.3711 22.8119 2.8
    endloop
  endfacet
  facet normal 0 0 1
    outer loop
      vertex 52.4961 22.4245 2.8
      vertex 23.2847 22.2295 2.8
      vertex 52.6153 21.9486 2.8
    endloop
  endfacet
  facet normal 0 0 1
    outer loop
      vertex 23.1416 21.6583 2.8
      vertex 52.6153 21.9486 2.8
      vertex 23.2847 22.2295 2.8
    endloop
  endfacet
  facet normal 0 0 1
    outer loop
      vertex 52.6153 21.9486 2.8
      vertex 23.1416 21.6583 2.8
      vertex 52.7806 21.4866 2.8
    endloop
  endfacet
  facet normal 0 0 1
    outer loop
      vertex 22.9433 21.1039 2.8
      vertex 52.7806 21.4866 2.8
      vertex 23.1416 21.6583 2.8
    endloop
  endfacet
  facet normal 0 0 1
    outer loop
      vertex 52.7806 21.4866 2.8
      vertex 22.9433 21.1039 2.8
      vertex 52.9904 21.043 2.8
    endloop
  endfacet
  facet normal 0 0 1
    outer loop
      vertex 22.6915 20.5716 2.8
      vertex 52.9904 21.043 2.8
      vertex 22.9433 21.1039 2.8
    endloop
  endfacet
  facet normal 0 0 1
    outer loop
      vertex 52.9904 21.043 2.8
      vertex 22.6915 20.5716 2.8
      vertex 53.2427 20.6221 2.8
    endloop
  endfacet
  facet normal 0 0 1
    outer loop
      vertex 22.3888 20.0666 2.8
      vertex 53.2427 20.6221 2.8
      vertex 22.6915 20.5716 2.8
    endloop
  endfacet
  facet normal 0 0 1
    outer loop
      vertex 53.2427 20.6221 2.8
      vertex 22.3888 20.0666 2.8
      vertex 53.5349 20.228 2.8
    endloop
  endfacet
  facet normal 0 0 1
    outer loop
      vertex 22.0381 19.5936 2.8
      vertex 53.5349 20.228 2.8
      vertex 22.3888 20.0666 2.8
    endloop
  endfacet
  facet normal 0 0 1
    outer loop
      vertex 53.5349 20.228 2.8
      vertex 22.0381 19.5936 2.8
      vertex 53.8645 19.8645 2.8
    endloop
  endfacet
  facet normal 0 0 1
    outer loop
      vertex 21.6426 19.1574 2.8
      vertex 53.8645 19.8645 2.8
      vertex 22.0381 19.5936 2.8
    endloop
  endfacet
  facet normal 0 0 1
    outer loop
      vertex 54.228 19.5349 2.8
      vertex 21.6426 19.1574 2.8
      vertex 21.2064 18.7619 2.8
    endloop
  endfacet
  facet normal 0 0 1
    outer loop
      vertex 54.6221 19.2427 2.8
      vertex 21.2064 18.7619 2.8
      vertex 20.7334 18.4112 2.8
    endloop
  endfacet
  facet normal 0 0 1
    outer loop
      vertex 55.043 18.9904 2.8
      vertex 20.7334 18.4112 2.8
      vertex 20.2284 18.1085 2.8
    endloop
  endfacet
  facet normal 0 0 1
    outer loop
      vertex 55.043 18.9904 2.8
      vertex 20.2284 18.1085 2.8
      vertex 72.4 2.4 2.8
    endloop
  endfacet
  facet normal -0 0 1
    outer loop
      vertex 19.6961 17.8567 2.8
      vertex 72.4 2.4 2.8
      vertex 20.2284 18.1085 2.8
    endloop
  endfacet
  facet normal 0 0 1
    outer loop
      vertex 2.4 2.4 2.8
      vertex 19.6961 17.8567 2.8
      vertex 19.1417 17.6584 2.8
    endloop
  endfacet
  facet normal 0 0 1
    outer loop
      vertex 2.4 2.4 2.8
      vertex 19.1417 17.6584 2.8
      vertex 18.5705 17.5153 2.8
    endloop
  endfacet
  facet normal 0 0 1
    outer loop
      vertex 2.4 2.4 2.8
      vertex 18.5705 17.5153 2.8
      vertex 17.9881 17.4289 2.8
    endloop
  endfacet
  facet normal 0 0 1
    outer loop
      vertex 2.4 2.4 2.8
      vertex 17.9881 17.4289 2.8
      vertex 17.4 17.4 2.8
    endloop
  endfacet
  facet normal 0 0 1
    outer loop
      vertex 2.4 2.4 2.8
      vertex 17.4 17.4 2.8
      vertex 16.8119 17.4289 2.8
    endloop
  endfacet
  facet normal 0 0 1
    outer loop
      vertex 2.4 2.4 2.8
      vertex 16.8119 17.4289 2.8
      vertex 16.2295 17.5153 2.8
    endloop
  endfacet
  facet normal 0 0 1
    outer loop
      vertex 2.4 2.4 2.8
      vertex 16.2295 17.5153 2.8
      vertex 15.6583 17.6584 2.8
    endloop
  endfacet
  facet normal 0 0 1
    outer loop
      vertex 2.4 2.4 2.8
      vertex 11.4 23.4 2.8
      vertex 2.4 44.4 2.8
    endloop
  endfacet
  facet normal 0 0 1
    outer loop
      vertex 11.4 23.4 2.8
      vertex 2.4 2.4 2.8
      vertex 11.4289 22.8119 2.8
    endloop
  endfacet
  facet normal 0 0 1
    outer loop
      vertex 11.4289 22.8119 2.8
      vertex 2.4 2.4 2.8
      vertex 11.5153 22.2295 2.8
    endloop
  endfacet
  facet normal 0 0 1
    outer loop
      vertex 11.5153 22.2295 2.8
      vertex 2.4 2.4 2.8
      vertex 11.6584 21.6583 2.8
    endloop
  endfacet
  facet normal 0 0 1
    outer loop
      vertex 19.6961 17.8567 2.8
      vertex 2.4 2.4 2.8
      vertex 72.4 2.4 2.8
    endloop
  endfacet
  facet normal 0 0 1
    outer loop
      vertex 15.1039 17.8567 2.8
      vertex 2.4 2.4 2.8
      vertex 15.6583 17.6584 2.8
    endloop
  endfacet
  facet normal 0 0 1
    outer loop
      vertex 14.5716 18.1085 2.8
      vertex 2.4 2.4 2.8
      vertex 15.1039 17.8567 2.8
    endloop
  endfacet
  facet normal 0 0 1
    outer loop
      vertex 14.0666 18.4112 2.8
      vertex 2.4 2.4 2.8
      vertex 14.5716 18.1085 2.8
    endloop
  endfacet
  facet normal 0 0 1
    outer loop
      vertex 13.5936 18.7619 2.8
      vertex 2.4 2.4 2.8
      vertex 14.0666 18.4112 2.8
    endloop
  endfacet
  facet normal 0 0 1
    outer loop
      vertex 13.1574 19.1574 2.8
      vertex 2.4 2.4 2.8
      vertex 13.5936 18.7619 2.8
    endloop
  endfacet
  facet normal 0 0 1
    outer loop
      vertex 12.7619 19.5936 2.8
      vertex 2.4 2.4 2.8
      vertex 13.1574 19.1574 2.8
    endloop
  endfacet
  facet normal 0 0 1
    outer loop
      vertex 12.4112 20.0666 2.8
      vertex 2.4 2.4 2.8
      vertex 12.7619 19.5936 2.8
    endloop
  endfacet
  facet normal 0 0 1
    outer loop
      vertex 12.1085 20.5716 2.8
      vertex 2.4 2.4 2.8
      vertex 12.4112 20.0666 2.8
    endloop
  endfacet
  facet normal 0 0 1
    outer loop
      vertex 11.8567 21.1039 2.8
      vertex 2.4 2.4 2.8
      vertex 12.1085 20.5716 2.8
    endloop
  endfacet
  facet normal 0 0 1
    outer loop
      vertex 11.6584 21.6583 2.8
      vertex 2.4 2.4 2.8
      vertex 11.8567 21.1039 2.8
    endloop
  endfacet
  facet normal 1 -0 0
    outer loop
      vertex 2.4 2.4 54.4
      vertex 2.4 44.4 2.8
      vertex 2.4 44.4 54.4
    endloop
  endfacet
  facet normal 1 0 0
    outer loop
      vertex 2.4 44.4 2.8
      vertex 2.4 2.4 54.4
      vertex 2.4 2.4 2.8
    endloop
  endfacet
  facet normal 0 -1 0
    outer loop
      vertex 2.4 44.4 2.8
      vertex 12.0373 44.4 54.4
      vertex 2.4 44.4 54.4
    endloop
  endfacet
  facet normal 0 -1 -0
    outer loop
      vertex 12.0373 44.4 54.4
      vertex 2.4 44.4 2.8
      vertex 13.9627 44.4 54.4
    endloop
  endfacet
  facet normal 0 -1 0
    outer loop
      vertex 72.4 44.4 2.8
      vertex 13.9627 44.4 54.4
      vertex 2.4 44.4 2.8
    endloop
  endfacet
  facet normal 0 -1 0
    outer loop
      vertex 13.9627 44.4 54.4
      vertex 72.4 44.4 2.8
      vertex 72.4 44.4 54.4
    endloop
  endfacet
  facet normal 0 -1 0
    outer loop
      vertex 12.0373 44.4 54.4
      vertex 13.9627 44.4 54.8
      vertex 12.0373 44.4 54.8
    endloop
  endfacet
  facet normal 0 -1 -0
    outer loop
      vertex 13.9627 44.4 54.8
      vertex 12.0373 44.4 54.4
      vertex 13.9627 44.4 54.4
    endloop
  endfacet
  facet normal 0 1 -0
    outer loop
      vertex 72.4 2.4 2.8
      vertex 2.4 2.4 54.4
      vertex 72.4 2.4 54.4
    endloop
  endfacet
  facet normal 0 1 0
    outer loop
      vertex 2.4 2.4 54.4
      vertex 72.4 2.4 2.8
      vertex 2.4 2.4 2.8
    endloop
  endfacet
  facet normal 0.336788 0.94158 -0
    outer loop
      vertex 15.6583 17.6584 0
      vertex 15.1039 17.8567 2.8
      vertex 15.6583 17.6584 2.8
    endloop
  endfacet
  facet normal 0.336788 0.94158 0
    outer loop
      vertex 15.1039 17.8567 2.8
      vertex 15.6583 17.6584 0
      vertex 15.1039 17.8567 0
    endloop
  endfacet
  facet normal -0.989174 -0.146746 -9.82888e-19
    outer loop
      vertex 23.3711 23.9881 0
      vertex 23.2847 24.5705 2.8
      vertex 23.2847 24.5705 0
    endloop
  endfacet
  facet normal -0.989174 -0.146746 -9.82888e-19
    outer loop
      vertex 23.2847 24.5705 2.8
      vertex 23.3711 23.9881 0
      vertex 23.3711 23.9881 2.8
    endloop
  endfacet
  facet normal -0.998795 -0.0490821 8.09521e-19
    outer loop
      vertex 23.4 23.4 0
      vertex 23.3711 23.9881 2.8
      vertex 23.3711 23.9881 0
    endloop
  endfacet
  facet normal -0.998795 -0.0490821 8.09521e-19
    outer loop
      vertex 23.3711 23.9881 2.8
      vertex 23.4 23.4 0
      vertex 23.4 23.4 2.8
    endloop
  endfacet
  facet normal -0.970023 -0.243015 -1.26522e-18
    outer loop
      vertex 23.2847 24.5705 0
      vertex 23.1416 25.1417 2.8
      vertex 23.1416 25.1417 0
    endloop
  endfacet
  facet normal -0.970023 -0.243015 -1.26522e-18
    outer loop
      vertex 23.1416 25.1417 2.8
      vertex 23.2847 24.5705 0
      vertex 23.2847 24.5705 2.8
    endloop
  endfacet
  facet normal 0.989174 -0.146746 1.38022e-18
    outer loop
      vertex 11.4289 23.9881 2.8
      vertex 11.5153 24.5705 0
      vertex 11.5153 24.5705 2.8
    endloop
  endfacet
  facet normal 0.989174 -0.146746 1.38022e-18
    outer loop
      vertex 11.5153 24.5705 0
      vertex 11.4289 23.9881 2.8
      vertex 11.4289 23.9881 0
    endloop
  endfacet
  facet normal 0.243015 0.970023 -0
    outer loop
      vertex 16.2295 17.5153 0
      vertex 15.6583 17.6584 2.8
      vertex 16.2295 17.5153 2.8
    endloop
  endfacet
  facet normal 0.243015 0.970023 0
    outer loop
      vertex 15.6583 17.6584 2.8
      vertex 16.2295 17.5153 0
      vertex 15.6583 17.6584 0
    endloop
  endfacet
  facet normal -0.336788 -0.94158 0
    outer loop
      vertex 19.1417 29.1416 0
      vertex 19.6961 28.9433 2.8
      vertex 19.1417 29.1416 2.8
    endloop
  endfacet
  facet normal -0.336788 -0.94158 -0
    outer loop
      vertex 19.6961 28.9433 2.8
      vertex 19.1417 29.1416 0
      vertex 19.6961 28.9433 0
    endloop
  endfacet
  facet normal 0.514121 -0.857718 0
    outer loop
      vertex 14.0666 28.3888 0
      vertex 14.5716 28.6915 2.8
      vertex 14.0666 28.3888 2.8
    endloop
  endfacet
  facet normal 0.514121 -0.857718 0
    outer loop
      vertex 14.5716 28.6915 2.8
      vertex 14.0666 28.3888 0
      vertex 14.5716 28.6915 0
    endloop
  endfacet
  facet normal 0.903962 0.427612 3.80278e-18
    outer loop
      vertex 12.1085 20.5716 2.8
      vertex 11.8567 21.1039 0
      vertex 11.8567 21.1039 2.8
    endloop
  endfacet
  facet normal 0.903962 0.427612 3.80278e-18
    outer loop
      vertex 11.8567 21.1039 0
      vertex 12.1085 20.5716 2.8
      vertex 12.1085 20.5716 0
    endloop
  endfacet
  facet normal 0.243015 -0.970023 0
    outer loop
      vertex 15.6583 29.1416 0
      vertex 16.2295 29.2847 2.8
      vertex 15.6583 29.1416 2.8
    endloop
  endfacet
  facet normal 0.243015 -0.970023 0
    outer loop
      vertex 16.2295 29.2847 2.8
      vertex 15.6583 29.1416 0
      vertex 16.2295 29.2847 0
    endloop
  endfacet
  facet normal 0.857718 0.514121 -1.19928e-18
    outer loop
      vertex 12.4112 20.0666 2.8
      vertex 12.1085 20.5716 0
      vertex 12.1085 20.5716 2.8
    endloop
  endfacet
  facet normal 0.857718 0.514121 -1.19928e-18
    outer loop
      vertex 12.1085 20.5716 0
      vertex 12.4112 20.0666 2.8
      vertex 12.4112 20.0666 0
    endloop
  endfacet
  facet normal -0.243015 0.970023 0
    outer loop
      vertex 19.1417 17.6584 0
      vertex 18.5705 17.5153 2.8
      vertex 19.1417 17.6584 2.8
    endloop
  endfacet
  facet normal -0.243015 0.970023 0
    outer loop
      vertex 18.5705 17.5153 2.8
      vertex 19.1417 17.6584 0
      vertex 18.5705 17.5153 0
    endloop
  endfacet
  facet normal 0.595589 0.803289 -0
    outer loop
      vertex 14.0666 18.4112 0
      vertex 13.5936 18.7619 2.8
      vertex 14.0666 18.4112 2.8
    endloop
  endfacet
  facet normal 0.595589 0.803289 0
    outer loop
      vertex 13.5936 18.7619 2.8
      vertex 14.0666 18.4112 0
      vertex 13.5936 18.7619 0
    endloop
  endfacet
  facet normal -0.514121 0.857718 0
    outer loop
      vertex 20.7334 18.4112 0
      vertex 20.2284 18.1085 2.8
      vertex 20.7334 18.4112 2.8
    endloop
  endfacet
  facet normal -0.514121 0.857718 0
    outer loop
      vertex 20.2284 18.1085 2.8
      vertex 20.7334 18.4112 0
      vertex 20.2284 18.1085 0
    endloop
  endfacet
  facet normal -0.803289 0.595589 4.19847e-18
    outer loop
      vertex 22.0381 19.5936 0
      vertex 22.3888 20.0666 2.8
      vertex 22.3888 20.0666 0
    endloop
  endfacet
  facet normal -0.803289 0.595589 4.19847e-18
    outer loop
      vertex 22.3888 20.0666 2.8
      vertex 22.0381 19.5936 0
      vertex 22.0381 19.5936 2.8
    endloop
  endfacet
  facet normal -0.146746 -0.989174 0
    outer loop
      vertex 17.9881 29.3711 0
      vertex 18.5705 29.2847 2.8
      vertex 17.9881 29.3711 2.8
    endloop
  endfacet
  facet normal -0.146746 -0.989174 -0
    outer loop
      vertex 18.5705 29.2847 2.8
      vertex 17.9881 29.3711 0
      vertex 18.5705 29.2847 0
    endloop
  endfacet
  facet normal 0.595589 -0.803289 0
    outer loop
      vertex 13.5936 28.0381 0
      vertex 14.0666 28.3888 2.8
      vertex 13.5936 28.0381 2.8
    endloop
  endfacet
  facet normal 0.595589 -0.803289 0
    outer loop
      vertex 14.0666 28.3888 2.8
      vertex 13.5936 28.0381 0
      vertex 14.0666 28.3888 0
    endloop
  endfacet
  facet normal -0.427612 0.903962 0
    outer loop
      vertex 20.2284 18.1085 0
      vertex 19.6961 17.8567 2.8
      vertex 20.2284 18.1085 2.8
    endloop
  endfacet
  facet normal -0.427612 0.903962 0
    outer loop
      vertex 19.6961 17.8567 2.8
      vertex 20.2284 18.1085 0
      vertex 19.6961 17.8567 0
    endloop
  endfacet
  facet normal 0.803289 -0.595589 -6.19858e-18
    outer loop
      vertex 12.4112 26.7334 2.8
      vertex 12.7619 27.2064 0
      vertex 12.7619 27.2064 2.8
    endloop
  endfacet
  facet normal 0.803289 -0.595589 -6.19858e-18
    outer loop
      vertex 12.7619 27.2064 0
      vertex 12.4112 26.7334 2.8
      vertex 12.4112 26.7334 0
    endloop
  endfacet
  facet normal -0.989174 0.146746 9.82888e-19
    outer loop
      vertex 23.2847 22.2295 0
      vertex 23.3711 22.8119 2.8
      vertex 23.3711 22.8119 0
    endloop
  endfacet
  facet normal -0.989174 0.146746 9.82888e-19
    outer loop
      vertex 23.3711 22.8119 2.8
      vertex 23.2847 22.2295 0
      vertex 23.2847 22.2295 2.8
    endloop
  endfacet
  facet normal 0.94158 -0.336788 9.01048e-19
    outer loop
      vertex 11.6584 25.1417 2.8
      vertex 11.8567 25.6961 0
      vertex 11.8567 25.6961 2.8
    endloop
  endfacet
  facet normal 0.94158 -0.336788 9.01048e-19
    outer loop
      vertex 11.8567 25.6961 0
      vertex 11.6584 25.1417 2.8
      vertex 11.6584 25.1417 0
    endloop
  endfacet
  facet normal -0.427612 -0.903962 0
    outer loop
      vertex 19.6961 28.9433 0
      vertex 20.2284 28.6915 2.8
      vertex 19.6961 28.9433 2.8
    endloop
  endfacet
  facet normal -0.427612 -0.903962 -0
    outer loop
      vertex 20.2284 28.6915 2.8
      vertex 19.6961 28.9433 0
      vertex 20.2284 28.6915 0
    endloop
  endfacet
  facet normal 0.94158 0.336788 -9.01048e-19
    outer loop
      vertex 11.8567 21.1039 2.8
      vertex 11.6584 21.6583 0
      vertex 11.6584 21.6583 2.8
    endloop
  endfacet
  facet normal 0.94158 0.336788 -9.01048e-19
    outer loop
      vertex 11.6584 21.6583 0
      vertex 11.8567 21.1039 2.8
      vertex 11.8567 21.1039 0
    endloop
  endfacet
  facet normal -0.970023 0.243015 1.26522e-18
    outer loop
      vertex 23.1416 21.6583 0
      vertex 23.2847 22.2295 2.8
      vertex 23.2847 22.2295 0
    endloop
  endfacet
  facet normal -0.970023 0.243015 1.26522e-18
    outer loop
      vertex 23.2847 22.2295 2.8
      vertex 23.1416 21.6583 0
      vertex 23.1416 21.6583 2.8
    endloop
  endfacet
  facet normal 0.0490821 -0.998795 0
    outer loop
      vertex 16.8119 29.3711 0
      vertex 17.4 29.4 2.8
      vertex 16.8119 29.3711 2.8
    endloop
  endfacet
  facet normal 0.0490821 -0.998795 0
    outer loop
      vertex 17.4 29.4 2.8
      vertex 16.8119 29.3711 0
      vertex 17.4 29.4 0
    endloop
  endfacet
  facet normal -0.6717 -0.740823 0
    outer loop
      vertex 21.2064 28.0381 0
      vertex 21.6426 27.6426 2.8
      vertex 21.2064 28.0381 2.8
    endloop
  endfacet
  facet normal -0.6717 -0.740823 -0
    outer loop
      vertex 21.6426 27.6426 2.8
      vertex 21.2064 28.0381 0
      vertex 21.6426 27.6426 0
    endloop
  endfacet
  facet normal 0.427612 -0.903962 0
    outer loop
      vertex 14.5716 28.6915 0
      vertex 15.1039 28.9433 2.8
      vertex 14.5716 28.6915 2.8
    endloop
  endfacet
  facet normal 0.427612 -0.903962 0
    outer loop
      vertex 15.1039 28.9433 2.8
      vertex 14.5716 28.6915 0
      vertex 15.1039 28.9433 0
    endloop
  endfacet
  facet normal 0.6717 -0.740823 0
    outer loop
      vertex 13.1574 27.6426 0
      vertex 13.5936 28.0381 2.8
      vertex 13.1574 27.6426 2.8
    endloop
  endfacet
  facet normal 0.6717 -0.740823 0
    outer loop
      vertex 13.5936 28.0381 2.8
      vertex 13.1574 27.6426 0
      vertex 13.5936 28.0381 0
    endloop
  endfacet
  facet normal -0.336788 0.94158 0
    outer loop
      vertex 19.6961 17.8567 0
      vertex 19.1417 17.6584 2.8
      vertex 19.6961 17.8567 2.8
    endloop
  endfacet
  facet normal -0.336788 0.94158 0
    outer loop
      vertex 19.1417 17.6584 2.8
      vertex 19.6961 17.8567 0
      vertex 19.1417 17.6584 0
    endloop
  endfacet
  facet normal 0.336788 -0.94158 0
    outer loop
      vertex 15.1039 28.9433 0
      vertex 15.6583 29.1416 2.8
      vertex 15.1039 28.9433 2.8
    endloop
  endfacet
  facet normal 0.336788 -0.94158 0
    outer loop
      vertex 15.6583 29.1416 2.8
      vertex 15.1039 28.9433 0
      vertex 15.6583 29.1416 0
    endloop
  endfacet
  facet normal -0.803289 -0.595589 -6.05701e-18
    outer loop
      vertex 22.3888 26.7334 0
      vertex 22.0381 27.2064 2.8
      vertex 22.0381 27.2064 0
    endloop
  endfacet
  facet normal -0.803289 -0.595589 -6.05701e-18
    outer loop
      vertex 22.0381 27.2064 2.8
      vertex 22.3888 26.7334 0
      vertex 22.3888 26.7334 2.8
    endloop
  endfacet
  facet normal 0.857718 -0.514121 1.19928e-18
    outer loop
      vertex 12.1085 26.2284 2.8
      vertex 12.4112 26.7334 0
      vertex 12.4112 26.7334 2.8
    endloop
  endfacet
  facet normal 0.857718 -0.514121 1.19928e-18
    outer loop
      vertex 12.4112 26.7334 0
      vertex 12.1085 26.2284 2.8
      vertex 12.1085 26.2284 0
    endloop
  endfacet
  facet normal -0.998795 0.0490821 4.57054e-20
    outer loop
      vertex 23.3711 22.8119 0
      vertex 23.4 23.4 2.8
      vertex 23.4 23.4 0
    endloop
  endfacet
  facet normal -0.998795 0.0490821 4.57054e-20
    outer loop
      vertex 23.4 23.4 2.8
      vertex 23.3711 22.8119 0
      vertex 23.3711 22.8119 2.8
    endloop
  endfacet
  facet normal -0.903962 0.427612 -3.80278e-18
    outer loop
      vertex 22.6915 20.5716 0
      vertex 22.9433 21.1039 2.8
      vertex 22.9433 21.1039 0
    endloop
  endfacet
  facet normal -0.903962 0.427612 -3.80278e-18
    outer loop
      vertex 22.9433 21.1039 2.8
      vertex 22.6915 20.5716 0
      vertex 22.6915 20.5716 2.8
    endloop
  endfacet
  facet normal -0.857718 -0.514121 -6.58688e-18
    outer loop
      vertex 22.6915 26.2284 0
      vertex 22.3888 26.7334 2.8
      vertex 22.3888 26.7334 0
    endloop
  endfacet
  facet normal -0.857718 -0.514121 -6.58688e-18
    outer loop
      vertex 22.3888 26.7334 2.8
      vertex 22.6915 26.2284 0
      vertex 22.6915 26.2284 2.8
    endloop
  endfacet
  facet normal 0.6717 0.740823 -0
    outer loop
      vertex 13.5936 18.7619 0
      vertex 13.1574 19.1574 2.8
      vertex 13.5936 18.7619 2.8
    endloop
  endfacet
  facet normal 0.6717 0.740823 0
    outer loop
      vertex 13.1574 19.1574 2.8
      vertex 13.5936 18.7619 0
      vertex 13.1574 19.1574 0
    endloop
  endfacet
  facet normal -0.595589 -0.803289 0
    outer loop
      vertex 20.7334 28.3888 0
      vertex 21.2064 28.0381 2.8
      vertex 20.7334 28.3888 2.8
    endloop
  endfacet
  facet normal -0.595589 -0.803289 -0
    outer loop
      vertex 21.2064 28.0381 2.8
      vertex 20.7334 28.3888 0
      vertex 21.2064 28.0381 0
    endloop
  endfacet
  facet normal 0.514121 0.857718 -0
    outer loop
      vertex 14.5716 18.1085 0
      vertex 14.0666 18.4112 2.8
      vertex 14.5716 18.1085 2.8
    endloop
  endfacet
  facet normal 0.514121 0.857718 0
    outer loop
      vertex 14.0666 18.4112 2.8
      vertex 14.5716 18.1085 0
      vertex 14.0666 18.4112 0
    endloop
  endfacet
  facet normal -0.514121 -0.857718 0
    outer loop
      vertex 20.2284 28.6915 0
      vertex 20.7334 28.3888 2.8
      vertex 20.2284 28.6915 2.8
    endloop
  endfacet
  facet normal -0.514121 -0.857718 -0
    outer loop
      vertex 20.7334 28.3888 2.8
      vertex 20.2284 28.6915 0
      vertex 20.7334 28.3888 0
    endloop
  endfacet
  facet normal -0.146746 0.989174 0
    outer loop
      vertex 18.5705 17.5153 0
      vertex 17.9881 17.4289 2.8
      vertex 18.5705 17.5153 2.8
    endloop
  endfacet
  facet normal -0.146746 0.989174 0
    outer loop
      vertex 17.9881 17.4289 2.8
      vertex 18.5705 17.5153 0
      vertex 17.9881 17.4289 0
    endloop
  endfacet
  facet normal -0.94158 -0.336788 -9.01048e-19
    outer loop
      vertex 23.1416 25.1417 0
      vertex 22.9433 25.6961 2.8
      vertex 22.9433 25.6961 0
    endloop
  endfacet
  facet normal -0.94158 -0.336788 -9.01048e-19
    outer loop
      vertex 22.9433 25.6961 2.8
      vertex 23.1416 25.1417 0
      vertex 23.1416 25.1417 2.8
    endloop
  endfacet
  facet normal -0.857718 0.514121 6.58688e-18
    outer loop
      vertex 22.3888 20.0666 0
      vertex 22.6915 20.5716 2.8
      vertex 22.6915 20.5716 0
    endloop
  endfacet
  facet normal -0.857718 0.514121 6.58688e-18
    outer loop
      vertex 22.6915 20.5716 2.8
      vertex 22.3888 20.0666 0
      vertex 22.3888 20.0666 2.8
    endloop
  endfacet
  facet normal 0.998795 0.0490821 -4.57054e-20
    outer loop
      vertex 11.4289 22.8119 2.8
      vertex 11.4 23.4 0
      vertex 11.4 23.4 2.8
    endloop
  endfacet
  facet normal 0.998795 0.0490821 -4.57054e-20
    outer loop
      vertex 11.4 23.4 0
      vertex 11.4289 22.8119 2.8
      vertex 11.4289 22.8119 0
    endloop
  endfacet
  facet normal -0.94158 0.336788 9.01048e-19
    outer loop
      vertex 22.9433 21.1039 0
      vertex 23.1416 21.6583 2.8
      vertex 23.1416 21.6583 0
    endloop
  endfacet
  facet normal -0.94158 0.336788 9.01048e-19
    outer loop
      vertex 23.1416 21.6583 2.8
      vertex 22.9433 21.1039 0
      vertex 22.9433 21.1039 2.8
    endloop
  endfacet
  facet normal -0.740823 -0.6717 1.30394e-18
    outer loop
      vertex 22.0381 27.2064 0
      vertex 21.6426 27.6426 2.8
      vertex 21.6426 27.6426 0
    endloop
  endfacet
  facet normal -0.740823 -0.6717 1.30394e-18
    outer loop
      vertex 21.6426 27.6426 2.8
      vertex 22.0381 27.2064 0
      vertex 22.0381 27.2064 2.8
    endloop
  endfacet
  facet normal -0.0490821 -0.998795 0
    outer loop
      vertex 17.4 29.4 0
      vertex 17.9881 29.3711 2.8
      vertex 17.4 29.4 2.8
    endloop
  endfacet
  facet normal -0.0490821 -0.998795 -0
    outer loop
      vertex 17.9881 29.3711 2.8
      vertex 17.4 29.4 0
      vertex 17.9881 29.3711 0
    endloop
  endfacet
  facet normal -0.903962 -0.427612 3.80278e-18
    outer loop
      vertex 22.9433 25.6961 0
      vertex 22.6915 26.2284 2.8
      vertex 22.6915 26.2284 0
    endloop
  endfacet
  facet normal -0.903962 -0.427612 3.80278e-18
    outer loop
      vertex 22.6915 26.2284 2.8
      vertex 22.9433 25.6961 0
      vertex 22.9433 25.6961 2.8
    endloop
  endfacet
  facet normal 0.146746 0.989174 -0
    outer loop
      vertex 16.8119 17.4289 0
      vertex 16.2295 17.5153 2.8
      vertex 16.8119 17.4289 2.8
    endloop
  endfacet
  facet normal 0.146746 0.989174 0
    outer loop
      vertex 16.2295 17.5153 2.8
      vertex 16.8119 17.4289 0
      vertex 16.2295 17.5153 0
    endloop
  endfacet
  facet normal -0.6717 0.740823 0
    outer loop
      vertex 21.6426 19.1574 0
      vertex 21.2064 18.7619 2.8
      vertex 21.6426 19.1574 2.8
    endloop
  endfacet
  facet normal -0.6717 0.740823 0
    outer loop
      vertex 21.2064 18.7619 2.8
      vertex 21.6426 19.1574 0
      vertex 21.2064 18.7619 0
    endloop
  endfacet
  facet normal 0.0490821 0.998795 -0
    outer loop
      vertex 17.4 17.4 0
      vertex 16.8119 17.4289 2.8
      vertex 17.4 17.4 2.8
    endloop
  endfacet
  facet normal 0.0490821 0.998795 0
    outer loop
      vertex 16.8119 17.4289 2.8
      vertex 17.4 17.4 0
      vertex 16.8119 17.4289 0
    endloop
  endfacet
  facet normal 0.740823 -0.6717 -2.70464e-18
    outer loop
      vertex 12.7619 27.2064 2.8
      vertex 13.1574 27.6426 0
      vertex 13.1574 27.6426 2.8
    endloop
  endfacet
  facet normal 0.740823 -0.6717 -2.70464e-18
    outer loop
      vertex 13.1574 27.6426 0
      vertex 12.7619 27.2064 2.8
      vertex 12.7619 27.2064 0
    endloop
  endfacet
  facet normal 0.146746 -0.989174 0
    outer loop
      vertex 16.2295 29.2847 0
      vertex 16.8119 29.3711 2.8
      vertex 16.2295 29.2847 2.8
    endloop
  endfacet
  facet normal 0.146746 -0.989174 0
    outer loop
      vertex 16.8119 29.3711 2.8
      vertex 16.2295 29.2847 0
      vertex 16.8119 29.3711 0
    endloop
  endfacet
  facet normal 0.903962 -0.427612 -3.80278e-18
    outer loop
      vertex 11.8567 25.6961 2.8
      vertex 12.1085 26.2284 0
      vertex 12.1085 26.2284 2.8
    endloop
  endfacet
  facet normal 0.903962 -0.427612 -3.80278e-18
    outer loop
      vertex 12.1085 26.2284 0
      vertex 11.8567 25.6961 2.8
      vertex 11.8567 25.6961 0
    endloop
  endfacet
  facet normal 0.970023 -0.243015 1.26522e-18
    outer loop
      vertex 11.5153 24.5705 2.8
      vertex 11.6584 25.1417 0
      vertex 11.6584 25.1417 2.8
    endloop
  endfacet
  facet normal 0.970023 -0.243015 1.26522e-18
    outer loop
      vertex 11.6584 25.1417 0
      vertex 11.5153 24.5705 2.8
      vertex 11.5153 24.5705 0
    endloop
  endfacet
  facet normal -0.243015 -0.970023 0
    outer loop
      vertex 18.5705 29.2847 0
      vertex 19.1417 29.1416 2.8
      vertex 18.5705 29.2847 2.8
    endloop
  endfacet
  facet normal -0.243015 -0.970023 -0
    outer loop
      vertex 19.1417 29.1416 2.8
      vertex 18.5705 29.2847 0
      vertex 19.1417 29.1416 0
    endloop
  endfacet
  facet normal 0.970023 0.243015 -1.26522e-18
    outer loop
      vertex 11.6584 21.6583 2.8
      vertex 11.5153 22.2295 0
      vertex 11.5153 22.2295 2.8
    endloop
  endfacet
  facet normal 0.970023 0.243015 -1.26522e-18
    outer loop
      vertex 11.5153 22.2295 0
      vertex 11.6584 21.6583 2.8
      vertex 11.6584 21.6583 0
    endloop
  endfacet
  facet normal 0.427612 0.903962 -0
    outer loop
      vertex 15.1039 17.8567 0
      vertex 14.5716 18.1085 2.8
      vertex 15.1039 17.8567 2.8
    endloop
  endfacet
  facet normal 0.427612 0.903962 0
    outer loop
      vertex 14.5716 18.1085 2.8
      vertex 15.1039 17.8567 0
      vertex 14.5716 18.1085 0
    endloop
  endfacet
  facet normal 0.740823 0.6717 -3.62544e-18
    outer loop
      vertex 13.1574 19.1574 2.8
      vertex 12.7619 19.5936 0
      vertex 12.7619 19.5936 2.8
    endloop
  endfacet
  facet normal 0.740823 0.6717 -3.62544e-18
    outer loop
      vertex 12.7619 19.5936 0
      vertex 13.1574 19.1574 2.8
      vertex 13.1574 19.1574 0
    endloop
  endfacet
  facet normal -0.0490821 0.998795 0
    outer loop
      vertex 17.9881 17.4289 0
      vertex 17.4 17.4 2.8
      vertex 17.9881 17.4289 2.8
    endloop
  endfacet
  facet normal -0.0490821 0.998795 0
    outer loop
      vertex 17.4 17.4 2.8
      vertex 17.9881 17.4289 0
      vertex 17.4 17.4 0
    endloop
  endfacet
  facet normal 0.989174 0.146746 -1.38022e-18
    outer loop
      vertex 11.5153 22.2295 2.8
      vertex 11.4289 22.8119 0
      vertex 11.4289 22.8119 2.8
    endloop
  endfacet
  facet normal 0.989174 0.146746 -1.38022e-18
    outer loop
      vertex 11.4289 22.8119 0
      vertex 11.5153 22.2295 2.8
      vertex 11.5153 22.2295 0
    endloop
  endfacet
  facet normal -0.595589 0.803289 0
    outer loop
      vertex 21.2064 18.7619 0
      vertex 20.7334 18.4112 2.8
      vertex 21.2064 18.7619 2.8
    endloop
  endfacet
  facet normal -0.595589 0.803289 0
    outer loop
      vertex 20.7334 18.4112 2.8
      vertex 21.2064 18.7619 0
      vertex 20.7334 18.4112 0
    endloop
  endfacet
  facet normal 0.803289 0.595589 8.05713e-18
    outer loop
      vertex 12.7619 19.5936 2.8
      vertex 12.4112 20.0666 0
      vertex 12.4112 20.0666 2.8
    endloop
  endfacet
  facet normal 0.803289 0.595589 8.05713e-18
    outer loop
      vertex 12.4112 20.0666 0
      vertex 12.7619 19.5936 2.8
      vertex 12.7619 19.5936 0
    endloop
  endfacet
  facet normal 0.998795 -0.0490821 -8.09521e-19
    outer loop
      vertex 11.4 23.4 2.8
      vertex 11.4289 23.9881 0
      vertex 11.4289 23.9881 2.8
    endloop
  endfacet
  facet normal 0.998795 -0.0490821 -8.09521e-19
    outer loop
      vertex 11.4289 23.9881 0
      vertex 11.4 23.4 2.8
      vertex 11.4 23.4 0
    endloop
  endfacet
  facet normal -0.740823 0.6717 5.02613e-18
    outer loop
      vertex 21.6426 19.1574 0
      vertex 22.0381 19.5936 2.8
      vertex 22.0381 19.5936 0
    endloop
  endfacet
  facet normal -0.740823 0.6717 5.02613e-18
    outer loop
      vertex 22.0381 19.5936 2.8
      vertex 21.6426 19.1574 0
      vertex 21.6426 19.1574 2.8
    endloop
  endfacet
  facet normal 0.0491143 0.998793 -0
    outer loop
      vertex 57.4 18.4 0
      vertex 56.9099 18.4241 2.8
      vertex 57.4 18.4 2.8
    endloop
  endfacet
  facet normal 0.0491143 0.998793 0
    outer loop
      vertex 56.9099 18.4241 2.8
      vertex 57.4 18.4 0
      vertex 56.9099 18.4241 0
    endloop
  endfacet
  facet normal -0.989177 -0.146726 2.50166e-20
    outer loop
      vertex 62.3759 23.8901 0
      vertex 62.3039 24.3755 2.8
      vertex 62.3039 24.3755 0
    endloop
  endfacet
  facet normal -0.989177 -0.146726 2.50166e-20
    outer loop
      vertex 62.3039 24.3755 2.8
      vertex 62.3759 23.8901 0
      vertex 62.3759 23.8901 2.8
    endloop
  endfacet
  facet normal -0.998793 -0.0491143 -8.58805e-21
    outer loop
      vertex 62.4 23.4 0
      vertex 62.3759 23.8901 2.8
      vertex 62.3759 23.8901 0
    endloop
  endfacet
  facet normal -0.998793 -0.0491143 -8.58805e-21
    outer loop
      vertex 62.3759 23.8901 2.8
      vertex 62.4 23.4 0
      vertex 62.4 23.4 2.8
    endloop
  endfacet
  facet normal -0.970034 -0.242967 -6.9815e-19
    outer loop
      vertex 62.3039 24.3755 0
      vertex 62.1847 24.8514 2.8
      vertex 62.1847 24.8514 0
    endloop
  endfacet
  facet normal -0.970034 -0.242967 -6.9815e-19
    outer loop
      vertex 62.1847 24.8514 2.8
      vertex 62.3039 24.3755 0
      vertex 62.3039 24.3755 2.8
    endloop
  endfacet
  facet normal -0.336879 0.941548 0
    outer loop
      vertex 59.3134 18.7806 0
      vertex 58.8514 18.6153 2.8
      vertex 59.3134 18.7806 2.8
    endloop
  endfacet
  facet normal -0.336879 0.941548 0
    outer loop
      vertex 58.8514 18.6153 2.8
      vertex 59.3134 18.7806 0
      vertex 58.8514 18.6153 0
    endloop
  endfacet
  facet normal 0.595588 -0.80329 0
    outer loop
      vertex 54.228 27.2651 0
      vertex 54.6221 27.5573 2.8
      vertex 54.228 27.2651 2.8
    endloop
  endfacet
  facet normal 0.595588 -0.80329 0
    outer loop
      vertex 54.6221 27.5573 2.8
      vertex 54.228 27.2651 0
      vertex 54.6221 27.5573 0
    endloop
  endfacet
  facet normal 0.857709 0.514136 -8.68248e-20
    outer loop
      vertex 53.2427 20.6221 2.8
      vertex 52.9904 21.043 0
      vertex 52.9904 21.043 2.8
    endloop
  endfacet
  facet normal 0.857709 0.514136 -8.68248e-20
    outer loop
      vertex 52.9904 21.043 0
      vertex 53.2427 20.6221 2.8
      vertex 53.2427 20.6221 0
    endloop
  endfacet
  facet normal 0.514136 -0.857709 0
    outer loop
      vertex 54.6221 27.5573 0
      vertex 55.043 27.8096 2.8
      vertex 54.6221 27.5573 2.8
    endloop
  endfacet
  facet normal 0.514136 -0.857709 0
    outer loop
      vertex 55.043 27.8096 2.8
      vertex 54.6221 27.5573 0
      vertex 55.043 27.8096 0
    endloop
  endfacet
  facet normal 0.903995 0.427543 9.32607e-19
    outer loop
      vertex 52.9904 21.043 2.8
      vertex 52.7806 21.4866 0
      vertex 52.7806 21.4866 2.8
    endloop
  endfacet
  facet normal 0.903995 0.427543 9.32607e-19
    outer loop
      vertex 52.7806 21.4866 0
      vertex 52.9904 21.043 2.8
      vertex 52.9904 21.043 0
    endloop
  endfacet
  facet normal 0.146726 0.989177 -0
    outer loop
      vertex 56.9099 18.4241 0
      vertex 56.4245 18.4961 2.8
      vertex 56.9099 18.4241 2.8
    endloop
  endfacet
  facet normal 0.146726 0.989177 0
    outer loop
      vertex 56.4245 18.4961 2.8
      vertex 56.9099 18.4241 0
      vertex 56.4245 18.4961 0
    endloop
  endfacet
  facet normal -0.427543 0.903995 0
    outer loop
      vertex 59.757 18.9904 0
      vertex 59.3134 18.7806 2.8
      vertex 59.757 18.9904 2.8
    endloop
  endfacet
  facet normal -0.427543 0.903995 0
    outer loop
      vertex 59.3134 18.7806 2.8
      vertex 59.757 18.9904 0
      vertex 59.3134 18.7806 0
    endloop
  endfacet
  facet normal -0.0491143 -0.998793 0
    outer loop
      vertex 57.4 28.4 0
      vertex 57.8901 28.3759 2.8
      vertex 57.4 28.4 2.8
    endloop
  endfacet
  facet normal -0.0491143 -0.998793 -0
    outer loop
      vertex 57.8901 28.3759 2.8
      vertex 57.4 28.4 0
      vertex 57.8901 28.3759 0
    endloop
  endfacet
  facet normal -0.146726 0.989177 0
    outer loop
      vertex 58.3755 18.4961 0
      vertex 57.8901 18.4241 2.8
      vertex 58.3755 18.4961 2.8
    endloop
  endfacet
  facet normal -0.146726 0.989177 0
    outer loop
      vertex 57.8901 18.4241 2.8
      vertex 58.3755 18.4961 0
      vertex 57.8901 18.4241 0
    endloop
  endfacet
  facet normal -0.427543 -0.903995 0
    outer loop
      vertex 59.3134 28.0194 0
      vertex 59.757 27.8096 2.8
      vertex 59.3134 28.0194 2.8
    endloop
  endfacet
  facet normal -0.427543 -0.903995 -0
    outer loop
      vertex 59.757 27.8096 2.8
      vertex 59.3134 28.0194 0
      vertex 59.757 27.8096 0
    endloop
  endfacet
  facet normal 0.80329 -0.595588 -5.02472e-18
    outer loop
      vertex 53.2427 26.1779 2.8
      vertex 53.5349 26.572 0
      vertex 53.5349 26.572 2.8
    endloop
  endfacet
  facet normal 0.80329 -0.595588 -5.02472e-18
    outer loop
      vertex 53.5349 26.572 0
      vertex 53.2427 26.1779 2.8
      vertex 53.2427 26.1779 0
    endloop
  endfacet
  facet normal 0.970034 -0.242967 6.9815e-19
    outer loop
      vertex 52.4961 24.3755 2.8
      vertex 52.6153 24.8514 0
      vertex 52.6153 24.8514 2.8
    endloop
  endfacet
  facet normal 0.970034 -0.242967 6.9815e-19
    outer loop
      vertex 52.6153 24.8514 0
      vertex 52.4961 24.3755 2.8
      vertex 52.4961 24.3755 0
    endloop
  endfacet
  facet normal 0.595588 0.80329 -0
    outer loop
      vertex 54.6221 19.2427 0
      vertex 54.228 19.5349 2.8
      vertex 54.6221 19.2427 2.8
    endloop
  endfacet
  facet normal 0.595588 0.80329 0
    outer loop
      vertex 54.228 19.5349 2.8
      vertex 54.6221 19.2427 0
      vertex 54.228 19.5349 0
    endloop
  endfacet
  facet normal -0.80329 0.595588 -5.02472e-18
    outer loop
      vertex 61.2651 20.228 0
      vertex 61.5573 20.6221 2.8
      vertex 61.5573 20.6221 0
    endloop
  endfacet
  facet normal -0.80329 0.595588 -5.02472e-18
    outer loop
      vertex 61.5573 20.6221 2.8
      vertex 61.2651 20.228 0
      vertex 61.2651 20.228 2.8
    endloop
  endfacet
  facet normal -0.242967 -0.970034 0
    outer loop
      vertex 58.3755 28.3039 0
      vertex 58.8514 28.1847 2.8
      vertex 58.3755 28.3039 2.8
    endloop
  endfacet
  facet normal -0.242967 -0.970034 -0
    outer loop
      vertex 58.8514 28.1847 2.8
      vertex 58.3755 28.3039 0
      vertex 58.8514 28.1847 0
    endloop
  endfacet
  facet normal 0.740806 0.671719 -4.98396e-18
    outer loop
      vertex 53.8645 19.8645 2.8
      vertex 53.5349 20.228 0
      vertex 53.5349 20.228 2.8
    endloop
  endfacet
  facet normal 0.740806 0.671719 -4.98396e-18
    outer loop
      vertex 53.5349 20.228 0
      vertex 53.8645 19.8645 2.8
      vertex 53.8645 19.8645 0
    endloop
  endfacet
  facet normal -0.595491 0.803362 0
    outer loop
      vertex 60.572 19.5349 0
      vertex 60.1778 19.2427 2.8
      vertex 60.572 19.5349 2.8
    endloop
  endfacet
  facet normal -0.595491 0.803362 0
    outer loop
      vertex 60.1778 19.2427 2.8
      vertex 60.572 19.5349 0
      vertex 60.1778 19.2427 0
    endloop
  endfacet
  facet normal -0.989177 0.146726 -7.11841e-19
    outer loop
      vertex 62.3039 22.4245 0
      vertex 62.3759 22.9099 2.8
      vertex 62.3759 22.9099 0
    endloop
  endfacet
  facet normal -0.989177 0.146726 -7.11841e-19
    outer loop
      vertex 62.3759 22.9099 2.8
      vertex 62.3039 22.4245 0
      vertex 62.3039 22.4245 2.8
    endloop
  endfacet
  facet normal -0.514226 0.857655 0
    outer loop
      vertex 60.1778 19.2427 0
      vertex 59.757 18.9904 2.8
      vertex 60.1778 19.2427 2.8
    endloop
  endfacet
  facet normal -0.514226 0.857655 0
    outer loop
      vertex 59.757 18.9904 2.8
      vertex 60.1778 19.2427 0
      vertex 59.757 18.9904 0
    endloop
  endfacet
  facet normal -0.146726 -0.989177 0
    outer loop
      vertex 57.8901 28.3759 0
      vertex 58.3755 28.3039 2.8
      vertex 57.8901 28.3759 2.8
    endloop
  endfacet
  facet normal -0.146726 -0.989177 -0
    outer loop
      vertex 58.3755 28.3039 2.8
      vertex 57.8901 28.3759 0
      vertex 58.3755 28.3039 0
    endloop
  endfacet
  facet normal 0.427543 -0.903995 0
    outer loop
      vertex 55.043 27.8096 0
      vertex 55.4866 28.0194 2.8
      vertex 55.043 27.8096 2.8
    endloop
  endfacet
  facet normal 0.427543 -0.903995 0
    outer loop
      vertex 55.4866 28.0194 2.8
      vertex 55.043 27.8096 0
      vertex 55.4866 28.0194 0
    endloop
  endfacet
  facet normal 0.242967 0.970034 -0
    outer loop
      vertex 56.4245 18.4961 0
      vertex 55.9486 18.6153 2.8
      vertex 56.4245 18.4961 2.8
    endloop
  endfacet
  facet normal 0.242967 0.970034 0
    outer loop
      vertex 55.9486 18.6153 2.8
      vertex 56.4245 18.4961 0
      vertex 55.9486 18.6153 0
    endloop
  endfacet
  facet normal -0.595491 -0.803362 0
    outer loop
      vertex 60.1778 27.5573 0
      vertex 60.572 27.2651 2.8
      vertex 60.1778 27.5573 2.8
    endloop
  endfacet
  facet normal -0.595491 -0.803362 -0
    outer loop
      vertex 60.572 27.2651 2.8
      vertex 60.1778 27.5573 0
      vertex 60.572 27.2651 0
    endloop
  endfacet
  facet normal -0.970034 0.242967 5.44591e-19
    outer loop
      vertex 62.1847 21.9486 0
      vertex 62.3039 22.4245 2.8
      vertex 62.3039 22.4245 0
    endloop
  endfacet
  facet normal -0.970034 0.242967 5.44591e-19
    outer loop
      vertex 62.3039 22.4245 2.8
      vertex 62.1847 21.9486 0
      vertex 62.1847 21.9486 2.8
    endloop
  endfacet
  facet normal 0.941548 0.336879 6.34437e-19
    outer loop
      vertex 52.7806 21.4866 2.8
      vertex 52.6153 21.9486 0
      vertex 52.6153 21.9486 2.8
    endloop
  endfacet
  facet normal 0.941548 0.336879 6.34437e-19
    outer loop
      vertex 52.6153 21.9486 0
      vertex 52.7806 21.4866 2.8
      vertex 52.7806 21.4866 0
    endloop
  endfacet
  facet normal 0.671719 0.740806 -0
    outer loop
      vertex 54.228 19.5349 0
      vertex 53.8645 19.8645 2.8
      vertex 54.228 19.5349 2.8
    endloop
  endfacet
  facet normal 0.671719 0.740806 0
    outer loop
      vertex 53.8645 19.8645 2.8
      vertex 54.228 19.5349 0
      vertex 53.8645 19.8645 0
    endloop
  endfacet
  facet normal 0.146726 -0.989177 0
    outer loop
      vertex 56.4245 28.3039 0
      vertex 56.9099 28.3759 2.8
      vertex 56.4245 28.3039 2.8
    endloop
  endfacet
  facet normal 0.146726 -0.989177 0
    outer loop
      vertex 56.9099 28.3759 2.8
      vertex 56.4245 28.3039 0
      vertex 56.9099 28.3759 0
    endloop
  endfacet
  facet normal -0.80329 -0.595588 5.02472e-18
    outer loop
      vertex 61.5573 26.1779 0
      vertex 61.2651 26.572 2.8
      vertex 61.2651 26.572 0
    endloop
  endfacet
  facet normal -0.80329 -0.595588 5.02472e-18
    outer loop
      vertex 61.2651 26.572 2.8
      vertex 61.5573 26.1779 0
      vertex 61.5573 26.1779 2.8
    endloop
  endfacet
  facet normal 0.970034 0.242967 -5.44591e-19
    outer loop
      vertex 52.6153 21.9486 2.8
      vertex 52.4961 22.4245 0
      vertex 52.4961 22.4245 2.8
    endloop
  endfacet
  facet normal 0.970034 0.242967 -5.44591e-19
    outer loop
      vertex 52.4961 22.4245 0
      vertex 52.6153 21.9486 2.8
      vertex 52.6153 21.9486 0
    endloop
  endfacet
  facet normal 0.427543 0.903995 -0
    outer loop
      vertex 55.4866 18.7806 0
      vertex 55.043 18.9904 2.8
      vertex 55.4866 18.7806 2.8
    endloop
  endfacet
  facet normal 0.427543 0.903995 0
    outer loop
      vertex 55.043 18.9904 2.8
      vertex 55.4866 18.7806 0
      vertex 55.043 18.9904 0
    endloop
  endfacet
  facet normal 0.998793 0.0491143 -1.25757e-19
    outer loop
      vertex 52.4241 22.9099 2.8
      vertex 52.4 23.4 0
      vertex 52.4 23.4 2.8
    endloop
  endfacet
  facet normal 0.998793 0.0491143 -1.25757e-19
    outer loop
      vertex 52.4 23.4 0
      vertex 52.4241 22.9099 2.8
      vertex 52.4241 22.9099 0
    endloop
  endfacet
  facet normal -0.514226 -0.857655 0
    outer loop
      vertex 59.757 27.8096 0
      vertex 60.1778 27.5573 2.8
      vertex 59.757 27.8096 2.8
    endloop
  endfacet
  facet normal -0.514226 -0.857655 -0
    outer loop
      vertex 60.1778 27.5573 2.8
      vertex 59.757 27.8096 0
      vertex 60.1778 27.5573 0
    endloop
  endfacet
  facet normal 0.740806 -0.671719 4.98396e-18
    outer loop
      vertex 53.5349 26.572 2.8
      vertex 53.8645 26.9355 0
      vertex 53.8645 26.9355 2.8
    endloop
  endfacet
  facet normal 0.740806 -0.671719 4.98396e-18
    outer loop
      vertex 53.8645 26.9355 0
      vertex 53.5349 26.572 2.8
      vertex 53.5349 26.572 0
    endloop
  endfacet
  facet normal -0.998793 0.0491143 -4.41905e-19
    outer loop
      vertex 62.3759 22.9099 0
      vertex 62.4 23.4 2.8
      vertex 62.4 23.4 0
    endloop
  endfacet
  facet normal -0.998793 0.0491143 -4.41905e-19
    outer loop
      vertex 62.4 23.4 2.8
      vertex 62.3759 22.9099 0
      vertex 62.3759 22.9099 2.8
    endloop
  endfacet
  facet normal -0.903995 0.427543 -2.17697e-18
    outer loop
      vertex 61.8096 21.043 0
      vertex 62.0194 21.4866 2.8
      vertex 62.0194 21.4866 0
    endloop
  endfacet
  facet normal -0.903995 0.427543 -2.17697e-18
    outer loop
      vertex 62.0194 21.4866 2.8
      vertex 61.8096 21.043 0
      vertex 61.8096 21.043 2.8
    endloop
  endfacet
  facet normal 0.0491143 -0.998793 0
    outer loop
      vertex 56.9099 28.3759 0
      vertex 57.4 28.4 2.8
      vertex 56.9099 28.3759 2.8
    endloop
  endfacet
  facet normal 0.0491143 -0.998793 0
    outer loop
      vertex 57.4 28.4 2.8
      vertex 56.9099 28.3759 0
      vertex 57.4 28.4 0
    endloop
  endfacet
  facet normal 0.514136 0.857709 -0
    outer loop
      vertex 55.043 18.9904 0
      vertex 54.6221 19.2427 2.8
      vertex 55.043 18.9904 2.8
    endloop
  endfacet
  facet normal 0.514136 0.857709 0
    outer loop
      vertex 54.6221 19.2427 2.8
      vertex 55.043 18.9904 0
      vertex 54.6221 19.2427 0
    endloop
  endfacet
  facet normal -0.0491143 0.998793 0
    outer loop
      vertex 57.8901 18.4241 0
      vertex 57.4 18.4 2.8
      vertex 57.8901 18.4241 2.8
    endloop
  endfacet
  facet normal -0.0491143 0.998793 0
    outer loop
      vertex 57.4 18.4 2.8
      vertex 57.8901 18.4241 0
      vertex 57.4 18.4 0
    endloop
  endfacet
  facet normal -0.941548 -0.336879 6.34437e-19
    outer loop
      vertex 62.1847 24.8514 0
      vertex 62.0194 25.3134 2.8
      vertex 62.0194 25.3134 0
    endloop
  endfacet
  facet normal -0.941548 -0.336879 6.34437e-19
    outer loop
      vertex 62.0194 25.3134 2.8
      vertex 62.1847 24.8514 0
      vertex 62.1847 24.8514 2.8
    endloop
  endfacet
  facet normal -0.857709 0.514136 -4.95511e-18
    outer loop
      vertex 61.5573 20.6221 0
      vertex 61.8096 21.043 2.8
      vertex 61.8096 21.043 0
    endloop
  endfacet
  facet normal -0.857709 0.514136 -4.95511e-18
    outer loop
      vertex 61.8096 21.043 2.8
      vertex 61.5573 20.6221 0
      vertex 61.5573 20.6221 2.8
    endloop
  endfacet
  facet normal 0.242967 -0.970034 0
    outer loop
      vertex 55.9486 28.1847 0
      vertex 56.4245 28.3039 2.8
      vertex 55.9486 28.1847 2.8
    endloop
  endfacet
  facet normal 0.242967 -0.970034 0
    outer loop
      vertex 56.4245 28.3039 2.8
      vertex 55.9486 28.1847 0
      vertex 56.4245 28.3039 0
    endloop
  endfacet
  facet normal -0.242967 0.970034 0
    outer loop
      vertex 58.8514 18.6153 0
      vertex 58.3755 18.4961 2.8
      vertex 58.8514 18.6153 2.8
    endloop
  endfacet
  facet normal -0.242967 0.970034 0
    outer loop
      vertex 58.3755 18.4961 2.8
      vertex 58.8514 18.6153 0
      vertex 58.3755 18.4961 0
    endloop
  endfacet
  facet normal -0.740806 -0.671719 -4.98396e-18
    outer loop
      vertex 61.2651 26.572 0
      vertex 60.9355 26.9355 2.8
      vertex 60.9355 26.9355 0
    endloop
  endfacet
  facet normal -0.740806 -0.671719 -4.98396e-18
    outer loop
      vertex 60.9355 26.9355 2.8
      vertex 61.2651 26.572 0
      vertex 61.2651 26.572 2.8
    endloop
  endfacet
  facet normal -0.903995 -0.427543 2.17697e-18
    outer loop
      vertex 62.0194 25.3134 0
      vertex 61.8096 25.757 2.8
      vertex 61.8096 25.757 0
    endloop
  endfacet
  facet normal -0.903995 -0.427543 2.17697e-18
    outer loop
      vertex 61.8096 25.757 2.8
      vertex 62.0194 25.3134 0
      vertex 62.0194 25.3134 2.8
    endloop
  endfacet
  facet normal 0.671719 -0.740806 0
    outer loop
      vertex 53.8645 26.9355 0
      vertex 54.228 27.2651 2.8
      vertex 53.8645 26.9355 2.8
    endloop
  endfacet
  facet normal 0.671719 -0.740806 0
    outer loop
      vertex 54.228 27.2651 2.8
      vertex 53.8645 26.9355 0
      vertex 54.228 27.2651 0
    endloop
  endfacet
  facet normal -0.857709 -0.514136 4.95511e-18
    outer loop
      vertex 61.8096 25.757 0
      vertex 61.5573 26.1779 2.8
      vertex 61.5573 26.1779 0
    endloop
  endfacet
  facet normal -0.857709 -0.514136 4.95511e-18
    outer loop
      vertex 61.5573 26.1779 2.8
      vertex 61.8096 25.757 0
      vertex 61.8096 25.757 2.8
    endloop
  endfacet
  facet normal 0.336879 0.941548 -0
    outer loop
      vertex 55.9486 18.6153 0
      vertex 55.4866 18.7806 2.8
      vertex 55.9486 18.6153 2.8
    endloop
  endfacet
  facet normal 0.336879 0.941548 0
    outer loop
      vertex 55.4866 18.7806 2.8
      vertex 55.9486 18.6153 0
      vertex 55.4866 18.7806 0
    endloop
  endfacet
  facet normal -0.336879 -0.941548 0
    outer loop
      vertex 58.8514 28.1847 0
      vertex 59.3134 28.0194 2.8
      vertex 58.8514 28.1847 2.8
    endloop
  endfacet
  facet normal -0.336879 -0.941548 -0
    outer loop
      vertex 59.3134 28.0194 2.8
      vertex 58.8514 28.1847 0
      vertex 59.3134 28.0194 0
    endloop
  endfacet
  facet normal 0.336879 -0.941548 0
    outer loop
      vertex 55.4866 28.0194 0
      vertex 55.9486 28.1847 2.8
      vertex 55.4866 28.0194 2.8
    endloop
  endfacet
  facet normal 0.336879 -0.941548 0
    outer loop
      vertex 55.9486 28.1847 2.8
      vertex 55.4866 28.0194 0
      vertex 55.9486 28.1847 0
    endloop
  endfacet
  facet normal -0.671719 -0.740806 0
    outer loop
      vertex 60.572 27.2651 0
      vertex 60.9355 26.9355 2.8
      vertex 60.572 27.2651 2.8
    endloop
  endfacet
  facet normal -0.671719 -0.740806 -0
    outer loop
      vertex 60.9355 26.9355 2.8
      vertex 60.572 27.2651 0
      vertex 60.9355 26.9355 0
    endloop
  endfacet
  facet normal 0.941548 -0.336879 -6.34437e-19
    outer loop
      vertex 52.6153 24.8514 2.8
      vertex 52.7806 25.3134 0
      vertex 52.7806 25.3134 2.8
    endloop
  endfacet
  facet normal 0.941548 -0.336879 -6.34437e-19
    outer loop
      vertex 52.7806 25.3134 0
      vertex 52.6153 24.8514 2.8
      vertex 52.6153 24.8514 0
    endloop
  endfacet
  facet normal 0.80329 0.595588 5.02472e-18
    outer loop
      vertex 53.5349 20.228 2.8
      vertex 53.2427 20.6221 0
      vertex 53.2427 20.6221 2.8
    endloop
  endfacet
  facet normal 0.80329 0.595588 5.02472e-18
    outer loop
      vertex 53.2427 20.6221 0
      vertex 53.5349 20.228 2.8
      vertex 53.5349 20.228 0
    endloop
  endfacet
  facet normal 0.989177 0.146726 9.62329e-19
    outer loop
      vertex 52.4961 22.4245 2.8
      vertex 52.4241 22.9099 0
      vertex 52.4241 22.9099 2.8
    endloop
  endfacet
  facet normal 0.989177 0.146726 9.62329e-19
    outer loop
      vertex 52.4241 22.9099 0
      vertex 52.4961 22.4245 2.8
      vertex 52.4961 22.4245 0
    endloop
  endfacet
  facet normal -0.941548 0.336879 -6.34437e-19
    outer loop
      vertex 62.0194 21.4866 0
      vertex 62.1847 21.9486 2.8
      vertex 62.1847 21.9486 0
    endloop
  endfacet
  facet normal -0.941548 0.336879 -6.34437e-19
    outer loop
      vertex 62.1847 21.9486 2.8
      vertex 62.0194 21.4866 0
      vertex 62.0194 21.4866 2.8
    endloop
  endfacet
  facet normal -0.671719 0.740806 0
    outer loop
      vertex 60.9355 19.8645 0
      vertex 60.572 19.5349 2.8
      vertex 60.9355 19.8645 2.8
    endloop
  endfacet
  facet normal -0.671719 0.740806 0
    outer loop
      vertex 60.572 19.5349 2.8
      vertex 60.9355 19.8645 0
      vertex 60.572 19.5349 0
    endloop
  endfacet
  facet normal 0.857709 -0.514136 8.68248e-20
    outer loop
      vertex 52.9904 25.757 2.8
      vertex 53.2427 26.1779 0
      vertex 53.2427 26.1779 2.8
    endloop
  endfacet
  facet normal 0.857709 -0.514136 8.68248e-20
    outer loop
      vertex 53.2427 26.1779 0
      vertex 52.9904 25.757 2.8
      vertex 52.9904 25.757 0
    endloop
  endfacet
  facet normal 0.989177 -0.146726 -2.75505e-19
    outer loop
      vertex 52.4241 23.8901 2.8
      vertex 52.4961 24.3755 0
      vertex 52.4961 24.3755 2.8
    endloop
  endfacet
  facet normal 0.989177 -0.146726 -2.75505e-19
    outer loop
      vertex 52.4961 24.3755 0
      vertex 52.4241 23.8901 2.8
      vertex 52.4241 23.8901 0
    endloop
  endfacet
  facet normal 0.998793 -0.0491143 5.76249e-19
    outer loop
      vertex 52.4 23.4 2.8
      vertex 52.4241 23.8901 0
      vertex 52.4241 23.8901 2.8
    endloop
  endfacet
  facet normal 0.998793 -0.0491143 5.76249e-19
    outer loop
      vertex 52.4241 23.8901 0
      vertex 52.4 23.4 2.8
      vertex 52.4 23.4 0
    endloop
  endfacet
  facet normal 0.903995 -0.427543 -9.32607e-19
    outer loop
      vertex 52.7806 25.3134 2.8
      vertex 52.9904 25.757 0
      vertex 52.9904 25.757 2.8
    endloop
  endfacet
  facet normal 0.903995 -0.427543 -9.32607e-19
    outer loop
      vertex 52.9904 25.757 0
      vertex 52.7806 25.3134 2.8
      vertex 52.7806 25.3134 0
    endloop
  endfacet
  facet normal -0.740806 0.671719 4.98396e-18
    outer loop
      vertex 60.9355 19.8645 0
      vertex 61.2651 20.228 2.8
      vertex 61.2651 20.228 0
    endloop
  endfacet
  facet normal -0.740806 0.671719 4.98396e-18
    outer loop
      vertex 61.2651 20.228 2.8
      vertex 60.9355 19.8645 0
      vertex 60.9355 19.8645 2.8
    endloop
  endfacet
  facet normal 0 0 1
    outer loop
      vertex 14.5706 45.1494 62.8
      vertex 72.2294 45.1494 62.8
      vertex 14.6268 45.3065 62.8
    endloop
  endfacet
  facet normal 0 0 1
    outer loop
      vertex 72.3007 13.8014 62.8
      vertex 14.6918 13.1666 62.8
      vertex 14.7 13 62.8
    endloop
  endfacet
  facet normal 0 0 1
    outer loop
      vertex 72.2294 45.1494 62.8
      vertex 14.5706 45.1494 62.8
      vertex 72.3007 44.9986 62.8
    endloop
  endfacet
  facet normal 0 0 1
    outer loop
      vertex 72.3007 13.8014 62.8
      vertex 14.6673 13.3317 62.8
      vertex 14.6918 13.1666 62.8
    endloop
  endfacet
  facet normal 0 0 1
    outer loop
      vertex 14.4993 44.9986 62.8
      vertex 72.3007 44.9986 62.8
      vertex 14.5706 45.1494 62.8
    endloop
  endfacet
  facet normal 0 0 1
    outer loop
      vertex 72.3007 13.8014 62.8
      vertex 14.6268 13.4935 62.8
      vertex 14.6673 13.3317 62.8
    endloop
  endfacet
  facet normal 0 0 1
    outer loop
      vertex 72.3007 44.9986 62.8
      vertex 14.4993 44.9986 62.8
      vertex 72.3007 13.8014 62.8
    endloop
  endfacet
  facet normal 0 0 1
    outer loop
      vertex 72.3007 13.8014 62.8
      vertex 14.5706 13.6506 62.8
      vertex 14.6268 13.4935 62.8
    endloop
  endfacet
  facet normal 0 0 1
    outer loop
      vertex 14.4993 13.8014 62.8
      vertex 72.3007 13.8014 62.8
      vertex 14.4993 44.9986 62.8
    endloop
  endfacet
  facet normal 0 0 1
    outer loop
      vertex 72.3007 13.8014 62.8
      vertex 14.4993 13.8014 62.8
      vertex 14.5706 13.6506 62.8
    endloop
  endfacet
  facet normal -0 0 1
    outer loop
      vertex 14.4135 44.8555 62.8
      vertex 14.4993 13.8014 62.8
      vertex 14.4993 44.9986 62.8
    endloop
  endfacet
  facet normal 0 0 1
    outer loop
      vertex 14.4135 44.8555 62.8
      vertex 14.4135 13.9445 62.8
      vertex 14.4993 13.8014 62.8
    endloop
  endfacet
  facet normal -0 0 1
    outer loop
      vertex 14.3141 44.7215 62.8
      vertex 14.4135 13.9445 62.8
      vertex 14.4135 44.8555 62.8
    endloop
  endfacet
  facet normal 0 0 1
    outer loop
      vertex 14.3141 44.7215 62.8
      vertex 14.3141 14.0785 62.8
      vertex 14.4135 13.9445 62.8
    endloop
  endfacet
  facet normal -0 0 1
    outer loop
      vertex 14.2021 44.5979 62.8
      vertex 14.3141 14.0785 62.8
      vertex 14.3141 44.7215 62.8
    endloop
  endfacet
  facet normal 0 0 1
    outer loop
      vertex 14.2021 44.5979 62.8
      vertex 14.2021 14.2021 62.8
      vertex 14.3141 14.0785 62.8
    endloop
  endfacet
  facet normal -0 0 1
    outer loop
      vertex 14.0785 44.4859 62.8
      vertex 14.2021 14.2021 62.8
      vertex 14.2021 44.5979 62.8
    endloop
  endfacet
  facet normal 0 0 1
    outer loop
      vertex 14.0785 44.4859 62.8
      vertex 14.0785 14.3141 62.8
      vertex 14.2021 14.2021 62.8
    endloop
  endfacet
  facet normal -0 0 1
    outer loop
      vertex 13.9445 44.3865 62.8
      vertex 14.0785 14.3141 62.8
      vertex 14.0785 44.4859 62.8
    endloop
  endfacet
  facet normal 0 0 1
    outer loop
      vertex 13.9445 44.3865 62.8
      vertex 13.9445 14.4135 62.8
      vertex 14.0785 14.3141 62.8
    endloop
  endfacet
  facet normal -0 0 1
    outer loop
      vertex 13.8014 44.3007 62.8
      vertex 13.9445 14.4135 62.8
      vertex 13.9445 44.3865 62.8
    endloop
  endfacet
  facet normal 0 0 1
    outer loop
      vertex 13.8014 44.3007 62.8
      vertex 13.8014 14.4993 62.8
      vertex 13.9445 14.4135 62.8
    endloop
  endfacet
  facet normal -0 0 1
    outer loop
      vertex 13.6506 44.2294 62.8
      vertex 13.8014 14.4993 62.8
      vertex 13.8014 44.3007 62.8
    endloop
  endfacet
  facet normal 0 0 1
    outer loop
      vertex 13.6506 44.2294 62.8
      vertex 13.6506 14.5706 62.8
      vertex 13.8014 14.4993 62.8
    endloop
  endfacet
  facet normal -0 0 1
    outer loop
      vertex 13.4935 44.1732 62.8
      vertex 13.6506 14.5706 62.8
      vertex 13.6506 44.2294 62.8
    endloop
  endfacet
  facet normal 0 0 1
    outer loop
      vertex 13.4935 44.1732 62.8
      vertex 13.4935 14.6268 62.8
      vertex 13.6506 14.5706 62.8
    endloop
  endfacet
  facet normal -0 0 1
    outer loop
      vertex 13.3317 44.1327 62.8
      vertex 13.4935 14.6268 62.8
      vertex 13.4935 44.1732 62.8
    endloop
  endfacet
  facet normal 0 0 1
    outer loop
      vertex 13.3317 44.1327 62.8
      vertex 13.3317 14.6673 62.8
      vertex 13.4935 14.6268 62.8
    endloop
  endfacet
  facet normal -0 0 1
    outer loop
      vertex 13.1666 44.1082 62.8
      vertex 13.3317 14.6673 62.8
      vertex 13.3317 44.1327 62.8
    endloop
  endfacet
  facet normal 0 0 1
    outer loop
      vertex 13.1666 44.1082 62.8
      vertex 13.1666 14.6918 62.8
      vertex 13.3317 14.6673 62.8
    endloop
  endfacet
  facet normal -0 0 1
    outer loop
      vertex 13 44.1 62.8
      vertex 13.1666 14.6918 62.8
      vertex 13.1666 44.1082 62.8
    endloop
  endfacet
  facet normal 0 0 1
    outer loop
      vertex 13 44.1 62.8
      vertex 13 14.7 62.8
      vertex 13.1666 14.6918 62.8
    endloop
  endfacet
  facet normal 0 0 1
    outer loop
      vertex 12.8334 44.1082 62.8
      vertex 13 14.7 62.8
      vertex 13 44.1 62.8
    endloop
  endfacet
  facet normal 0 0 1
    outer loop
      vertex 12.8334 44.1082 62.8
      vertex 12.8334 14.6918 62.8
      vertex 13 14.7 62.8
    endloop
  endfacet
  facet normal 0 0 1
    outer loop
      vertex 12.6683 44.1327 62.8
      vertex 12.8334 14.6918 62.8
      vertex 12.8334 44.1082 62.8
    endloop
  endfacet
  facet normal 0 0 1
    outer loop
      vertex 12.6683 44.1327 62.8
      vertex 12.6683 14.6673 62.8
      vertex 12.8334 14.6918 62.8
    endloop
  endfacet
  facet normal 0 0 1
    outer loop
      vertex 12.5065 44.1732 62.8
      vertex 12.6683 14.6673 62.8
      vertex 12.6683 44.1327 62.8
    endloop
  endfacet
  facet normal 0 0 1
    outer loop
      vertex 12.5065 44.1732 62.8
      vertex 12.5065 14.6268 62.8
      vertex 12.6683 14.6673 62.8
    endloop
  endfacet
  facet normal 0 0 1
    outer loop
      vertex 12.3494 44.2294 62.8
      vertex 12.5065 14.6268 62.8
      vertex 12.5065 44.1732 62.8
    endloop
  endfacet
  facet normal 0 0 1
    outer loop
      vertex 12.3494 44.2294 62.8
      vertex 12.3494 14.5706 62.8
      vertex 12.5065 14.6268 62.8
    endloop
  endfacet
  facet normal 0 0 1
    outer loop
      vertex 12.1986 44.3007 62.8
      vertex 12.3494 14.5706 62.8
      vertex 12.3494 44.2294 62.8
    endloop
  endfacet
  facet normal 0 0 1
    outer loop
      vertex 12.1986 44.3007 62.8
      vertex 12.1986 14.4993 62.8
      vertex 12.3494 14.5706 62.8
    endloop
  endfacet
  facet normal 0 0 1
    outer loop
      vertex 12.0555 44.3865 62.8
      vertex 12.1986 14.4993 62.8
      vertex 12.1986 44.3007 62.8
    endloop
  endfacet
  facet normal 0 0 1
    outer loop
      vertex 12.0555 44.3865 62.8
      vertex 12.0555 14.4135 62.8
      vertex 12.1986 14.4993 62.8
    endloop
  endfacet
  facet normal 0 0 1
    outer loop
      vertex 11.9215 44.4859 62.8
      vertex 12.0555 14.4135 62.8
      vertex 12.0555 44.3865 62.8
    endloop
  endfacet
  facet normal 0 0 1
    outer loop
      vertex 11.9215 44.4859 62.8
      vertex 11.9215 14.3141 62.8
      vertex 12.0555 14.4135 62.8
    endloop
  endfacet
  facet normal 0 0 1
    outer loop
      vertex 11.7979 44.5979 62.8
      vertex 11.9215 14.3141 62.8
      vertex 11.9215 44.4859 62.8
    endloop
  endfacet
  facet normal 0 0 1
    outer loop
      vertex 11.7979 44.5979 62.8
      vertex 11.7979 14.2021 62.8
      vertex 11.9215 14.3141 62.8
    endloop
  endfacet
  facet normal 0 0 1
    outer loop
      vertex 11.6859 44.7215 62.8
      vertex 11.7979 14.2021 62.8
      vertex 11.7979 44.5979 62.8
    endloop
  endfacet
  facet normal 0 0 1
    outer loop
      vertex 11.6859 44.7215 62.8
      vertex 11.6859 14.0785 62.8
      vertex 11.7979 14.2021 62.8
    endloop
  endfacet
  facet normal 0 0 1
    outer loop
      vertex 11.5865 44.8555 62.8
      vertex 11.6859 14.0785 62.8
      vertex 11.6859 44.7215 62.8
    endloop
  endfacet
  facet normal 0 0 1
    outer loop
      vertex 11.5865 44.8555 62.8
      vertex 11.5865 13.9445 62.8
      vertex 11.6859 14.0785 62.8
    endloop
  endfacet
  facet normal 0 0 1
    outer loop
      vertex 11.5007 44.9986 62.8
      vertex 11.5865 13.9445 62.8
      vertex 11.5865 44.8555 62.8
    endloop
  endfacet
  facet normal 0 0 1
    outer loop
      vertex 11.5007 44.9986 62.8
      vertex 11.5007 13.8014 62.8
      vertex 11.5865 13.9445 62.8
    endloop
  endfacet
  facet normal 0 0 1
    outer loop
      vertex 6 52.8 62.8
      vertex 11.5007 44.9986 62.8
      vertex 11.4294 45.1494 62.8
    endloop
  endfacet
  facet normal 0 0 1
    outer loop
      vertex 11.5007 44.9986 62.8
      vertex 6 52.8 62.8
      vertex 11.5007 13.8014 62.8
    endloop
  endfacet
  facet normal 0 0 1
    outer loop
      vertex 6 52.8 62.8
      vertex 11.4294 45.1494 62.8
      vertex 11.3732 45.3065 62.8
    endloop
  endfacet
  facet normal 0 0 1
    outer loop
      vertex 6 6 62.8
      vertex 11.5007 13.8014 62.8
      vertex 6 52.8 62.8
    endloop
  endfacet
  facet normal 0 0 1
    outer loop
      vertex 6 52.8 62.8
      vertex 11.3732 45.3065 62.8
      vertex 11.3327 45.4683 62.8
    endloop
  endfacet
  facet normal 0 0 1
    outer loop
      vertex 11.5007 13.8014 62.8
      vertex 6 6 62.8
      vertex 11.4294 13.6506 62.8
    endloop
  endfacet
  facet normal 0 0 1
    outer loop
      vertex 6 52.8 62.8
      vertex 11.3327 45.4683 62.8
      vertex 11.3082 45.6334 62.8
    endloop
  endfacet
  facet normal 0 0 1
    outer loop
      vertex 11.4294 13.6506 62.8
      vertex 6 6 62.8
      vertex 11.3732 13.4935 62.8
    endloop
  endfacet
  facet normal 0 0 1
    outer loop
      vertex 6 52.8 62.8
      vertex 11.3082 45.6334 62.8
      vertex 11.3 45.8 62.8
    endloop
  endfacet
  facet normal 0 0 1
    outer loop
      vertex 11.3732 13.4935 62.8
      vertex 6 6 62.8
      vertex 11.3327 13.3317 62.8
    endloop
  endfacet
  facet normal 0 0 1
    outer loop
      vertex 75.4268 45.3065 62.8
      vertex 80.8 52.8 62.8
      vertex 75.4673 45.4683 62.8
    endloop
  endfacet
  facet normal 0 0 1
    outer loop
      vertex 80.8 6 62.8
      vertex 75.4918 13.1666 62.8
      vertex 75.5 13 62.8
    endloop
  endfacet
  facet normal 0 0 1
    outer loop
      vertex 75.3706 45.1494 62.8
      vertex 80.8 52.8 62.8
      vertex 75.4268 45.3065 62.8
    endloop
  endfacet
  facet normal 0 0 1
    outer loop
      vertex 80.8 6 62.8
      vertex 75.4673 13.3317 62.8
      vertex 75.4918 13.1666 62.8
    endloop
  endfacet
  facet normal 0 0 1
    outer loop
      vertex 75.2993 44.9986 62.8
      vertex 80.8 52.8 62.8
      vertex 75.3706 45.1494 62.8
    endloop
  endfacet
  facet normal 0 0 1
    outer loop
      vertex 80.8 6 62.8
      vertex 75.4268 13.4935 62.8
      vertex 75.4673 13.3317 62.8
    endloop
  endfacet
  facet normal 0 0 1
    outer loop
      vertex 80.8 52.8 62.8
      vertex 75.2993 44.9986 62.8
      vertex 80.8 6 62.8
    endloop
  endfacet
  facet normal 0 0 1
    outer loop
      vertex 80.8 6 62.8
      vertex 75.3706 13.6506 62.8
      vertex 75.4268 13.4935 62.8
    endloop
  endfacet
  facet normal -0 0 1
    outer loop
      vertex 75.2993 13.8014 62.8
      vertex 80.8 6 62.8
      vertex 75.2993 44.9986 62.8
    endloop
  endfacet
  facet normal 0 0 1
    outer loop
      vertex 80.8 6 62.8
      vertex 75.2993 13.8014 62.8
      vertex 75.3706 13.6506 62.8
    endloop
  endfacet
  facet normal -0 0 1
    outer loop
      vertex 75.2135 44.8555 62.8
      vertex 75.2993 13.8014 62.8
      vertex 75.2993 44.9986 62.8
    endloop
  endfacet
  facet normal 0 0 1
    outer loop
      vertex 75.2135 44.8555 62.8
      vertex 75.2135 13.9445 62.8
      vertex 75.2993 13.8014 62.8
    endloop
  endfacet
  facet normal -0 0 1
    outer loop
      vertex 75.1141 44.7215 62.8
      vertex 75.2135 13.9445 62.8
      vertex 75.2135 44.8555 62.8
    endloop
  endfacet
  facet normal 0 0 1
    outer loop
      vertex 75.1141 44.7215 62.8
      vertex 75.1141 14.0785 62.8
      vertex 75.2135 13.9445 62.8
    endloop
  endfacet
  facet normal -0 0 1
    outer loop
      vertex 75.0021 44.5979 62.8
      vertex 75.1141 14.0785 62.8
      vertex 75.1141 44.7215 62.8
    endloop
  endfacet
  facet normal 0 0 1
    outer loop
      vertex 75.0021 44.5979 62.8
      vertex 75.0021 14.2021 62.8
      vertex 75.1141 14.0785 62.8
    endloop
  endfacet
  facet normal -0 0 1
    outer loop
      vertex 74.8785 44.4859 62.8
      vertex 75.0021 14.2021 62.8
      vertex 75.0021 44.5979 62.8
    endloop
  endfacet
  facet normal 0 0 1
    outer loop
      vertex 74.8785 44.4859 62.8
      vertex 74.8785 14.3141 62.8
      vertex 75.0021 14.2021 62.8
    endloop
  endfacet
  facet normal -0 0 1
    outer loop
      vertex 74.7445 44.3865 62.8
      vertex 74.8785 14.3141 62.8
      vertex 74.8785 44.4859 62.8
    endloop
  endfacet
  facet normal 0 0 1
    outer loop
      vertex 74.7445 44.3865 62.8
      vertex 74.7445 14.4135 62.8
      vertex 74.8785 14.3141 62.8
    endloop
  endfacet
  facet normal -0 0 1
    outer loop
      vertex 74.6014 44.3007 62.8
      vertex 74.7445 14.4135 62.8
      vertex 74.7445 44.3865 62.8
    endloop
  endfacet
  facet normal 0 0 1
    outer loop
      vertex 74.6014 44.3007 62.8
      vertex 74.6014 14.4993 62.8
      vertex 74.7445 14.4135 62.8
    endloop
  endfacet
  facet normal -0 0 1
    outer loop
      vertex 74.4506 44.2294 62.8
      vertex 74.6014 14.4993 62.8
      vertex 74.6014 44.3007 62.8
    endloop
  endfacet
  facet normal 0 0 1
    outer loop
      vertex 74.4506 44.2294 62.8
      vertex 74.4506 14.5706 62.8
      vertex 74.6014 14.4993 62.8
    endloop
  endfacet
  facet normal -0 0 1
    outer loop
      vertex 74.2935 44.1732 62.8
      vertex 74.4506 14.5706 62.8
      vertex 74.4506 44.2294 62.8
    endloop
  endfacet
  facet normal 0 0 1
    outer loop
      vertex 74.2935 44.1732 62.8
      vertex 74.2935 14.6268 62.8
      vertex 74.4506 14.5706 62.8
    endloop
  endfacet
  facet normal -0 0 1
    outer loop
      vertex 74.1317 44.1327 62.8
      vertex 74.2935 14.6268 62.8
      vertex 74.2935 44.1732 62.8
    endloop
  endfacet
  facet normal 0 0 1
    outer loop
      vertex 74.1317 44.1327 62.8
      vertex 74.1317 14.6673 62.8
      vertex 74.2935 14.6268 62.8
    endloop
  endfacet
  facet normal -0 0 1
    outer loop
      vertex 73.9666 44.1082 62.8
      vertex 74.1317 14.6673 62.8
      vertex 74.1317 44.1327 62.8
    endloop
  endfacet
  facet normal 0 0 1
    outer loop
      vertex 73.9666 44.1082 62.8
      vertex 73.9666 14.6918 62.8
      vertex 74.1317 14.6673 62.8
    endloop
  endfacet
  facet normal -0 0 1
    outer loop
      vertex 73.8 44.1 62.8
      vertex 73.9666 14.6918 62.8
      vertex 73.9666 44.1082 62.8
    endloop
  endfacet
  facet normal 0 0 1
    outer loop
      vertex 73.8 44.1 62.8
      vertex 73.8 14.7 62.8
      vertex 73.9666 14.6918 62.8
    endloop
  endfacet
  facet normal 0 0 1
    outer loop
      vertex 73.6334 44.1082 62.8
      vertex 73.8 14.7 62.8
      vertex 73.8 44.1 62.8
    endloop
  endfacet
  facet normal 0 0 1
    outer loop
      vertex 73.6334 44.1082 62.8
      vertex 73.6334 14.6918 62.8
      vertex 73.8 14.7 62.8
    endloop
  endfacet
  facet normal 0 0 1
    outer loop
      vertex 73.4683 44.1327 62.8
      vertex 73.6334 14.6918 62.8
      vertex 73.6334 44.1082 62.8
    endloop
  endfacet
  facet normal 0 0 1
    outer loop
      vertex 73.4683 44.1327 62.8
      vertex 73.4683 14.6673 62.8
      vertex 73.6334 14.6918 62.8
    endloop
  endfacet
  facet normal 0 0 1
    outer loop
      vertex 73.3065 44.1732 62.8
      vertex 73.4683 14.6673 62.8
      vertex 73.4683 44.1327 62.8
    endloop
  endfacet
  facet normal 0 0 1
    outer loop
      vertex 73.3065 44.1732 62.8
      vertex 73.3065 14.6268 62.8
      vertex 73.4683 14.6673 62.8
    endloop
  endfacet
  facet normal 0 0 1
    outer loop
      vertex 73.1494 44.2294 62.8
      vertex 73.3065 14.6268 62.8
      vertex 73.3065 44.1732 62.8
    endloop
  endfacet
  facet normal 0 0 1
    outer loop
      vertex 73.1494 44.2294 62.8
      vertex 73.1494 14.5706 62.8
      vertex 73.3065 14.6268 62.8
    endloop
  endfacet
  facet normal 0 0 1
    outer loop
      vertex 72.9986 44.3007 62.8
      vertex 73.1494 14.5706 62.8
      vertex 73.1494 44.2294 62.8
    endloop
  endfacet
  facet normal 0 0 1
    outer loop
      vertex 72.9986 44.3007 62.8
      vertex 72.9986 14.4993 62.8
      vertex 73.1494 14.5706 62.8
    endloop
  endfacet
  facet normal 0 0 1
    outer loop
      vertex 72.8555 44.3865 62.8
      vertex 72.9986 14.4993 62.8
      vertex 72.9986 44.3007 62.8
    endloop
  endfacet
  facet normal 0 0 1
    outer loop
      vertex 72.8555 44.3865 62.8
      vertex 72.8555 14.4135 62.8
      vertex 72.9986 14.4993 62.8
    endloop
  endfacet
  facet normal 0 0 1
    outer loop
      vertex 72.7215 44.4859 62.8
      vertex 72.8555 14.4135 62.8
      vertex 72.8555 44.3865 62.8
    endloop
  endfacet
  facet normal 0 0 1
    outer loop
      vertex 72.7215 44.4859 62.8
      vertex 72.7215 14.3141 62.8
      vertex 72.8555 14.4135 62.8
    endloop
  endfacet
  facet normal 0 0 1
    outer loop
      vertex 72.5979 44.5979 62.8
      vertex 72.7215 14.3141 62.8
      vertex 72.7215 44.4859 62.8
    endloop
  endfacet
  facet normal 0 0 1
    outer loop
      vertex 72.5979 44.5979 62.8
      vertex 72.5979 14.2021 62.8
      vertex 72.7215 14.3141 62.8
    endloop
  endfacet
  facet normal 0 0 1
    outer loop
      vertex 72.4859 44.7215 62.8
      vertex 72.5979 14.2021 62.8
      vertex 72.5979 44.5979 62.8
    endloop
  endfacet
  facet normal 0 0 1
    outer loop
      vertex 72.4859 44.7215 62.8
      vertex 72.4859 14.0785 62.8
      vertex 72.5979 14.2021 62.8
    endloop
  endfacet
  facet normal 0 0 1
    outer loop
      vertex 72.3865 44.8555 62.8
      vertex 72.4859 14.0785 62.8
      vertex 72.4859 44.7215 62.8
    endloop
  endfacet
  facet normal 0 0 1
    outer loop
      vertex 72.3865 44.8555 62.8
      vertex 72.3865 13.9445 62.8
      vertex 72.4859 14.0785 62.8
    endloop
  endfacet
  facet normal 0 0 1
    outer loop
      vertex 72.3007 44.9986 62.8
      vertex 72.3865 13.9445 62.8
      vertex 72.3865 44.8555 62.8
    endloop
  endfacet
  facet normal 0 0 1
    outer loop
      vertex 72.3007 44.9986 62.8
      vertex 72.3007 13.8014 62.8
      vertex 72.3865 13.9445 62.8
    endloop
  endfacet
  facet normal 0 0 1
    outer loop
      vertex 72.1327 45.4683 62.8
      vertex 14.6673 45.4683 62.8
      vertex 72.1732 45.3065 62.8
    endloop
  endfacet
  facet normal 0 0 1
    outer loop
      vertex 14.6268 45.3065 62.8
      vertex 72.1732 45.3065 62.8
      vertex 14.6673 45.4683 62.8
    endloop
  endfacet
  facet normal 0 0 1
    outer loop
      vertex 14.6673 45.4683 62.8
      vertex 72.1327 45.4683 62.8
      vertex 14.6918 45.6334 62.8
    endloop
  endfacet
  facet normal 0 0 1
    outer loop
      vertex 72.1732 45.3065 62.8
      vertex 14.6268 45.3065 62.8
      vertex 72.2294 45.1494 62.8
    endloop
  endfacet
  facet normal 0 0 1
    outer loop
      vertex 72.1082 45.6334 62.8
      vertex 14.6918 45.6334 62.8
      vertex 72.1327 45.4683 62.8
    endloop
  endfacet
  facet normal 0 0 1
    outer loop
      vertex 72.3007 13.8014 62.8
      vertex 14.7 13 62.8
      vertex 72.2294 13.6506 62.8
    endloop
  endfacet
  facet normal 0 0 1
    outer loop
      vertex 14.6918 45.6334 62.8
      vertex 72.1082 45.6334 62.8
      vertex 14.7 45.8 62.8
    endloop
  endfacet
  facet normal 0 0 1
    outer loop
      vertex 72.2294 13.6506 62.8
      vertex 14.7 13 62.8
      vertex 72.1732 13.4935 62.8
    endloop
  endfacet
  facet normal -0 0 1
    outer loop
      vertex 14.7 45.8 62.8
      vertex 72.1082 45.6334 62.8
      vertex 72.1 45.8 62.8
    endloop
  endfacet
  facet normal 0 0 1
    outer loop
      vertex 72.1732 13.4935 62.8
      vertex 14.7 13 62.8
      vertex 72.1327 13.3317 62.8
    endloop
  endfacet
  facet normal 0 0 1
    outer loop
      vertex 75.4918 45.6334 62.8
      vertex 80.8 52.8 62.8
      vertex 75.5 45.8 62.8
    endloop
  endfacet
  facet normal 0 0 1
    outer loop
      vertex 80.8 52.8 62.8
      vertex 75.4918 45.9666 62.8
      vertex 75.5 45.8 62.8
    endloop
  endfacet
  facet normal 0 0 1
    outer loop
      vertex 80.8 52.8 62.8
      vertex 75.4673 46.1317 62.8
      vertex 75.4918 45.9666 62.8
    endloop
  endfacet
  facet normal 0 0 1
    outer loop
      vertex 80.8 52.8 62.8
      vertex 75.4268 46.2935 62.8
      vertex 75.4673 46.1317 62.8
    endloop
  endfacet
  facet normal 0 0 1
    outer loop
      vertex 80.8 52.8 62.8
      vertex 75.3706 46.4506 62.8
      vertex 75.4268 46.2935 62.8
    endloop
  endfacet
  facet normal 0 0 1
    outer loop
      vertex 80.8 52.8 62.8
      vertex 75.2993 46.6014 62.8
      vertex 75.3706 46.4506 62.8
    endloop
  endfacet
  facet normal 0 0 1
    outer loop
      vertex 80.8 52.8 62.8
      vertex 75.2135 46.7445 62.8
      vertex 75.2993 46.6014 62.8
    endloop
  endfacet
  facet normal 0 0 1
    outer loop
      vertex 80.8 52.8 62.8
      vertex 75.1141 46.8785 62.8
      vertex 75.2135 46.7445 62.8
    endloop
  endfacet
  facet normal 0 0 1
    outer loop
      vertex 80.8 52.8 62.8
      vertex 75.0021 47.0021 62.8
      vertex 75.1141 46.8785 62.8
    endloop
  endfacet
  facet normal 0 0 1
    outer loop
      vertex 80.8 52.8 62.8
      vertex 74.8785 47.1141 62.8
      vertex 75.0021 47.0021 62.8
    endloop
  endfacet
  facet normal 0 0 1
    outer loop
      vertex 80.8 52.8 62.8
      vertex 74.7445 47.2135 62.8
      vertex 74.8785 47.1141 62.8
    endloop
  endfacet
  facet normal 0 0 1
    outer loop
      vertex 80.8 52.8 62.8
      vertex 74.6014 47.2993 62.8
      vertex 74.7445 47.2135 62.8
    endloop
  endfacet
  facet normal 0 0 1
    outer loop
      vertex 80.8 52.8 62.8
      vertex 74.4506 47.3706 62.8
      vertex 74.6014 47.2993 62.8
    endloop
  endfacet
  facet normal 0 0 1
    outer loop
      vertex 80.8 52.8 62.8
      vertex 74.2935 47.4268 62.8
      vertex 74.4506 47.3706 62.8
    endloop
  endfacet
  facet normal 0 0 1
    outer loop
      vertex 80.8 52.8 62.8
      vertex 74.1317 47.4673 62.8
      vertex 74.2935 47.4268 62.8
    endloop
  endfacet
  facet normal 0 0 1
    outer loop
      vertex 80.8 52.8 62.8
      vertex 73.9666 47.4918 62.8
      vertex 74.1317 47.4673 62.8
    endloop
  endfacet
  facet normal 0 0 1
    outer loop
      vertex 80.8 52.8 62.8
      vertex 73.8 47.5 62.8
      vertex 73.9666 47.4918 62.8
    endloop
  endfacet
  facet normal 0 0 1
    outer loop
      vertex 80.8 52.8 62.8
      vertex 73.6334 47.4918 62.8
      vertex 73.8 47.5 62.8
    endloop
  endfacet
  facet normal 0 0 1
    outer loop
      vertex 80.8 52.8 62.8
      vertex 73.4683 47.4673 62.8
      vertex 73.6334 47.4918 62.8
    endloop
  endfacet
  facet normal 0 0 1
    outer loop
      vertex 80.8 52.8 62.8
      vertex 73.3065 47.4268 62.8
      vertex 73.4683 47.4673 62.8
    endloop
  endfacet
  facet normal 0 0 1
    outer loop
      vertex 80.8 52.8 62.8
      vertex 73.1494 47.3706 62.8
      vertex 73.3065 47.4268 62.8
    endloop
  endfacet
  facet normal 0 0 1
    outer loop
      vertex 80.8 52.8 62.8
      vertex 72.9986 47.2993 62.8
      vertex 73.1494 47.3706 62.8
    endloop
  endfacet
  facet normal 0 0 1
    outer loop
      vertex 80.8 52.8 62.8
      vertex 72.8555 47.2135 62.8
      vertex 72.9986 47.2993 62.8
    endloop
  endfacet
  facet normal 0 0 1
    outer loop
      vertex 72.1327 13.3317 62.8
      vertex 14.7 13 62.8
      vertex 72.1082 13.1666 62.8
    endloop
  endfacet
  facet normal 0 0 1
    outer loop
      vertex 72.1082 45.9666 62.8
      vertex 14.7 45.8 62.8
      vertex 72.1 45.8 62.8
    endloop
  endfacet
  facet normal 0 0 1
    outer loop
      vertex 14.6918 45.9666 62.8
      vertex 72.1082 45.9666 62.8
      vertex 72.1327 46.1317 62.8
    endloop
  endfacet
  facet normal 0 0 1
    outer loop
      vertex 14.6673 46.1317 62.8
      vertex 72.1327 46.1317 62.8
      vertex 72.1732 46.2935 62.8
    endloop
  endfacet
  facet normal 0 0 1
    outer loop
      vertex 14.6268 46.2935 62.8
      vertex 72.1732 46.2935 62.8
      vertex 72.2294 46.4506 62.8
    endloop
  endfacet
  facet normal 0 0 1
    outer loop
      vertex 14.5706 46.4506 62.8
      vertex 72.2294 46.4506 62.8
      vertex 72.3007 46.6014 62.8
    endloop
  endfacet
  facet normal 0 0 1
    outer loop
      vertex 14.4993 46.6014 62.8
      vertex 72.3007 46.6014 62.8
      vertex 72.3865 46.7445 62.8
    endloop
  endfacet
  facet normal 0 0 1
    outer loop
      vertex 14.4135 46.7445 62.8
      vertex 72.3865 46.7445 62.8
      vertex 72.4859 46.8785 62.8
    endloop
  endfacet
  facet normal 0 0 1
    outer loop
      vertex 14.3141 46.8785 62.8
      vertex 72.4859 46.8785 62.8
      vertex 72.5979 47.0021 62.8
    endloop
  endfacet
  facet normal 0 0 1
    outer loop
      vertex 14.2021 47.0021 62.8
      vertex 72.5979 47.0021 62.8
      vertex 72.7215 47.1141 62.8
    endloop
  endfacet
  facet normal 0 0 1
    outer loop
      vertex 14.0785 47.1141 62.8
      vertex 72.7215 47.1141 62.8
      vertex 72.8555 47.2135 62.8
    endloop
  endfacet
  facet normal 0 0 1
    outer loop
      vertex 13.9445 47.2135 62.8
      vertex 72.8555 47.2135 62.8
      vertex 80.8 52.8 62.8
    endloop
  endfacet
  facet normal 0 0 1
    outer loop
      vertex 72.1082 45.9666 62.8
      vertex 14.6918 45.9666 62.8
      vertex 14.7 45.8 62.8
    endloop
  endfacet
  facet normal 0 0 1
    outer loop
      vertex 72.1327 46.1317 62.8
      vertex 14.6673 46.1317 62.8
      vertex 14.6918 45.9666 62.8
    endloop
  endfacet
  facet normal 0 0 1
    outer loop
      vertex 72.1732 46.2935 62.8
      vertex 14.6268 46.2935 62.8
      vertex 14.6673 46.1317 62.8
    endloop
  endfacet
  facet normal 0 0 1
    outer loop
      vertex 72.2294 46.4506 62.8
      vertex 14.5706 46.4506 62.8
      vertex 14.6268 46.2935 62.8
    endloop
  endfacet
  facet normal 0 0 1
    outer loop
      vertex 72.3007 46.6014 62.8
      vertex 14.4993 46.6014 62.8
      vertex 14.5706 46.4506 62.8
    endloop
  endfacet
  facet normal 0 0 1
    outer loop
      vertex 72.3865 46.7445 62.8
      vertex 14.4135 46.7445 62.8
      vertex 14.4993 46.6014 62.8
    endloop
  endfacet
  facet normal 0 0 1
    outer loop
      vertex 72.4859 46.8785 62.8
      vertex 14.3141 46.8785 62.8
      vertex 14.4135 46.7445 62.8
    endloop
  endfacet
  facet normal 0 0 1
    outer loop
      vertex 72.5979 47.0021 62.8
      vertex 14.2021 47.0021 62.8
      vertex 14.3141 46.8785 62.8
    endloop
  endfacet
  facet normal 0 0 1
    outer loop
      vertex 72.7215 47.1141 62.8
      vertex 14.0785 47.1141 62.8
      vertex 14.2021 47.0021 62.8
    endloop
  endfacet
  facet normal 0 0 1
    outer loop
      vertex 72.8555 47.2135 62.8
      vertex 13.9445 47.2135 62.8
      vertex 14.0785 47.1141 62.8
    endloop
  endfacet
  facet normal 0 0 1
    outer loop
      vertex 80.8 52.8 62.8
      vertex 13.8014 47.2993 62.8
      vertex 13.9445 47.2135 62.8
    endloop
  endfacet
  facet normal -0 0 1
    outer loop
      vertex 6 52.8 62.8
      vertex 13.8014 47.2993 62.8
      vertex 80.8 52.8 62.8
    endloop
  endfacet
  facet normal 0 0 1
    outer loop
      vertex 13.8014 47.2993 62.8
      vertex 6 52.8 62.8
      vertex 13.6506 47.3706 62.8
    endloop
  endfacet
  facet normal 0 0 1
    outer loop
      vertex 13.6506 47.3706 62.8
      vertex 6 52.8 62.8
      vertex 13.4935 47.4268 62.8
    endloop
  endfacet
  facet normal 0 0 1
    outer loop
      vertex 13.4935 47.4268 62.8
      vertex 6 52.8 62.8
      vertex 13.3317 47.4673 62.8
    endloop
  endfacet
  facet normal 0 0 1
    outer loop
      vertex 13.3317 47.4673 62.8
      vertex 6 52.8 62.8
      vertex 13.1666 47.4918 62.8
    endloop
  endfacet
  facet normal 0 0 1
    outer loop
      vertex 13.1666 47.4918 62.8
      vertex 6 52.8 62.8
      vertex 13 47.5 62.8
    endloop
  endfacet
  facet normal 0 0 1
    outer loop
      vertex 11.3327 13.3317 62.8
      vertex 6 6 62.8
      vertex 11.3082 13.1666 62.8
    endloop
  endfacet
  facet normal 0 0 1
    outer loop
      vertex 11.3082 45.9666 62.8
      vertex 6 52.8 62.8
      vertex 11.3 45.8 62.8
    endloop
  endfacet
  facet normal 0 0 1
    outer loop
      vertex 11.3327 46.1317 62.8
      vertex 6 52.8 62.8
      vertex 11.3082 45.9666 62.8
    endloop
  endfacet
  facet normal 0 0 1
    outer loop
      vertex 11.3732 46.2935 62.8
      vertex 6 52.8 62.8
      vertex 11.3327 46.1317 62.8
    endloop
  endfacet
  facet normal 0 0 1
    outer loop
      vertex 11.4294 46.4506 62.8
      vertex 6 52.8 62.8
      vertex 11.3732 46.2935 62.8
    endloop
  endfacet
  facet normal 0 0 1
    outer loop
      vertex 11.5007 46.6014 62.8
      vertex 6 52.8 62.8
      vertex 11.4294 46.4506 62.8
    endloop
  endfacet
  facet normal 0 0 1
    outer loop
      vertex 11.5865 46.7445 62.8
      vertex 6 52.8 62.8
      vertex 11.5007 46.6014 62.8
    endloop
  endfacet
  facet normal 0 0 1
    outer loop
      vertex 11.6859 46.8785 62.8
      vertex 6 52.8 62.8
      vertex 11.5865 46.7445 62.8
    endloop
  endfacet
  facet normal 0 0 1
    outer loop
      vertex 11.7979 47.0021 62.8
      vertex 6 52.8 62.8
      vertex 11.6859 46.8785 62.8
    endloop
  endfacet
  facet normal 0 0 1
    outer loop
      vertex 11.9215 47.1141 62.8
      vertex 6 52.8 62.8
      vertex 11.7979 47.0021 62.8
    endloop
  endfacet
  facet normal 0 0 1
    outer loop
      vertex 12.0555 47.2135 62.8
      vertex 6 52.8 62.8
      vertex 11.9215 47.1141 62.8
    endloop
  endfacet
  facet normal 0 0 1
    outer loop
      vertex 12.1986 47.2993 62.8
      vertex 6 52.8 62.8
      vertex 12.0555 47.2135 62.8
    endloop
  endfacet
  facet normal 0 0 1
    outer loop
      vertex 12.3494 47.3706 62.8
      vertex 6 52.8 62.8
      vertex 12.1986 47.2993 62.8
    endloop
  endfacet
  facet normal 0 0 1
    outer loop
      vertex 12.5065 47.4268 62.8
      vertex 6 52.8 62.8
      vertex 12.3494 47.3706 62.8
    endloop
  endfacet
  facet normal 0 0 1
    outer loop
      vertex 12.6683 47.4673 62.8
      vertex 6 52.8 62.8
      vertex 12.5065 47.4268 62.8
    endloop
  endfacet
  facet normal 0 0 1
    outer loop
      vertex 12.8334 47.4918 62.8
      vertex 6 52.8 62.8
      vertex 12.6683 47.4673 62.8
    endloop
  endfacet
  facet normal 0 0 1
    outer loop
      vertex 13 47.5 62.8
      vertex 6 52.8 62.8
      vertex 12.8334 47.4918 62.8
    endloop
  endfacet
  facet normal 0 0 1
    outer loop
      vertex 75.4673 45.4683 62.8
      vertex 80.8 52.8 62.8
      vertex 75.4918 45.6334 62.8
    endloop
  endfacet
  facet normal -0 0 1
    outer loop
      vertex 75.4918 12.8334 62.8
      vertex 80.8 6 62.8
      vertex 75.5 13 62.8
    endloop
  endfacet
  facet normal -0 0 1
    outer loop
      vertex 75.4673 12.6683 62.8
      vertex 80.8 6 62.8
      vertex 75.4918 12.8334 62.8
    endloop
  endfacet
  facet normal -0 0 1
    outer loop
      vertex 75.4268 12.5065 62.8
      vertex 80.8 6 62.8
      vertex 75.4673 12.6683 62.8
    endloop
  endfacet
  facet normal -0 0 1
    outer loop
      vertex 75.3706 12.3494 62.8
      vertex 80.8 6 62.8
      vertex 75.4268 12.5065 62.8
    endloop
  endfacet
  facet normal -0 0 1
    outer loop
      vertex 75.2993 12.1986 62.8
      vertex 80.8 6 62.8
      vertex 75.3706 12.3494 62.8
    endloop
  endfacet
  facet normal -0 0 1
    outer loop
      vertex 75.2135 12.0555 62.8
      vertex 80.8 6 62.8
      vertex 75.2993 12.1986 62.8
    endloop
  endfacet
  facet normal -0 0 1
    outer loop
      vertex 75.1141 11.9215 62.8
      vertex 80.8 6 62.8
      vertex 75.2135 12.0555 62.8
    endloop
  endfacet
  facet normal -0 0 1
    outer loop
      vertex 75.0021 11.7979 62.8
      vertex 80.8 6 62.8
      vertex 75.1141 11.9215 62.8
    endloop
  endfacet
  facet normal -0 0 1
    outer loop
      vertex 74.8785 11.6859 62.8
      vertex 80.8 6 62.8
      vertex 75.0021 11.7979 62.8
    endloop
  endfacet
  facet normal -0 0 1
    outer loop
      vertex 74.7445 11.5865 62.8
      vertex 80.8 6 62.8
      vertex 74.8785 11.6859 62.8
    endloop
  endfacet
  facet normal -0 0 1
    outer loop
      vertex 74.6014 11.5007 62.8
      vertex 80.8 6 62.8
      vertex 74.7445 11.5865 62.8
    endloop
  endfacet
  facet normal -0 0 1
    outer loop
      vertex 74.4506 11.4294 62.8
      vertex 80.8 6 62.8
      vertex 74.6014 11.5007 62.8
    endloop
  endfacet
  facet normal -0 0 1
    outer loop
      vertex 74.2935 11.3732 62.8
      vertex 80.8 6 62.8
      vertex 74.4506 11.4294 62.8
    endloop
  endfacet
  facet normal -0 0 1
    outer loop
      vertex 74.1317 11.3327 62.8
      vertex 80.8 6 62.8
      vertex 74.2935 11.3732 62.8
    endloop
  endfacet
  facet normal -0 0 1
    outer loop
      vertex 73.9666 11.3082 62.8
      vertex 80.8 6 62.8
      vertex 74.1317 11.3327 62.8
    endloop
  endfacet
  facet normal -0 0 1
    outer loop
      vertex 73.8 11.3 62.8
      vertex 80.8 6 62.8
      vertex 73.9666 11.3082 62.8
    endloop
  endfacet
  facet normal 0 0 1
    outer loop
      vertex 73.6334 11.3082 62.8
      vertex 80.8 6 62.8
      vertex 73.8 11.3 62.8
    endloop
  endfacet
  facet normal 0 0 1
    outer loop
      vertex 73.4683 11.3327 62.8
      vertex 80.8 6 62.8
      vertex 73.6334 11.3082 62.8
    endloop
  endfacet
  facet normal 0 0 1
    outer loop
      vertex 73.3065 11.3732 62.8
      vertex 80.8 6 62.8
      vertex 73.4683 11.3327 62.8
    endloop
  endfacet
  facet normal 0 0 1
    outer loop
      vertex 73.1494 11.4294 62.8
      vertex 80.8 6 62.8
      vertex 73.3065 11.3732 62.8
    endloop
  endfacet
  facet normal 0 0 1
    outer loop
      vertex 72.9986 11.5007 62.8
      vertex 80.8 6 62.8
      vertex 73.1494 11.4294 62.8
    endloop
  endfacet
  facet normal 0 0 1
    outer loop
      vertex 72.8555 11.5865 62.8
      vertex 80.8 6 62.8
      vertex 72.9986 11.5007 62.8
    endloop
  endfacet
  facet normal 0 0 1
    outer loop
      vertex 72.1082 13.1666 62.8
      vertex 14.7 13 62.8
      vertex 72.1 13 62.8
    endloop
  endfacet
  facet normal 0 0 1
    outer loop
      vertex 72.1 13 62.8
      vertex 14.7 13 62.8
      vertex 72.1082 12.8334 62.8
    endloop
  endfacet
  facet normal 0 0 1
    outer loop
      vertex 14.6918 12.8334 62.8
      vertex 72.1082 12.8334 62.8
      vertex 14.7 13 62.8
    endloop
  endfacet
  facet normal 0 0 1
    outer loop
      vertex 72.1082 12.8334 62.8
      vertex 14.6918 12.8334 62.8
      vertex 72.1327 12.6683 62.8
    endloop
  endfacet
  facet normal 0 0 1
    outer loop
      vertex 14.6673 12.6683 62.8
      vertex 72.1327 12.6683 62.8
      vertex 14.6918 12.8334 62.8
    endloop
  endfacet
  facet normal 0 0 1
    outer loop
      vertex 72.1327 12.6683 62.8
      vertex 14.6673 12.6683 62.8
      vertex 72.1732 12.5065 62.8
    endloop
  endfacet
  facet normal 0 0 1
    outer loop
      vertex 14.6268 12.5065 62.8
      vertex 72.1732 12.5065 62.8
      vertex 14.6673 12.6683 62.8
    endloop
  endfacet
  facet normal 0 0 1
    outer loop
      vertex 72.1732 12.5065 62.8
      vertex 14.6268 12.5065 62.8
      vertex 72.2294 12.3494 62.8
    endloop
  endfacet
  facet normal 0 0 1
    outer loop
      vertex 14.5706 12.3494 62.8
      vertex 72.2294 12.3494 62.8
      vertex 14.6268 12.5065 62.8
    endloop
  endfacet
  facet normal 0 0 1
    outer loop
      vertex 72.2294 12.3494 62.8
      vertex 14.5706 12.3494 62.8
      vertex 72.3007 12.1986 62.8
    endloop
  endfacet
  facet normal 0 0 1
    outer loop
      vertex 14.4993 12.1986 62.8
      vertex 72.3007 12.1986 62.8
      vertex 14.5706 12.3494 62.8
    endloop
  endfacet
  facet normal 0 0 1
    outer loop
      vertex 72.3007 12.1986 62.8
      vertex 14.4993 12.1986 62.8
      vertex 72.3865 12.0555 62.8
    endloop
  endfacet
  facet normal 0 0 1
    outer loop
      vertex 14.4135 12.0555 62.8
      vertex 72.3865 12.0555 62.8
      vertex 14.4993 12.1986 62.8
    endloop
  endfacet
  facet normal 0 0 1
    outer loop
      vertex 72.3865 12.0555 62.8
      vertex 14.4135 12.0555 62.8
      vertex 72.4859 11.9215 62.8
    endloop
  endfacet
  facet normal 0 0 1
    outer loop
      vertex 14.3141 11.9215 62.8
      vertex 72.4859 11.9215 62.8
      vertex 14.4135 12.0555 62.8
    endloop
  endfacet
  facet normal 0 0 1
    outer loop
      vertex 72.4859 11.9215 62.8
      vertex 14.3141 11.9215 62.8
      vertex 72.5979 11.7979 62.8
    endloop
  endfacet
  facet normal 0 0 1
    outer loop
      vertex 14.2021 11.7979 62.8
      vertex 72.5979 11.7979 62.8
      vertex 14.3141 11.9215 62.8
    endloop
  endfacet
  facet normal 0 0 1
    outer loop
      vertex 72.5979 11.7979 62.8
      vertex 14.2021 11.7979 62.8
      vertex 72.7215 11.6859 62.8
    endloop
  endfacet
  facet normal 0 0 1
    outer loop
      vertex 14.0785 11.6859 62.8
      vertex 72.7215 11.6859 62.8
      vertex 14.2021 11.7979 62.8
    endloop
  endfacet
  facet normal 0 0 1
    outer loop
      vertex 72.7215 11.6859 62.8
      vertex 14.0785 11.6859 62.8
      vertex 72.8555 11.5865 62.8
    endloop
  endfacet
  facet normal 0 0 1
    outer loop
      vertex 13.9445 11.5865 62.8
      vertex 72.8555 11.5865 62.8
      vertex 14.0785 11.6859 62.8
    endloop
  endfacet
  facet normal 0 0 1
    outer loop
      vertex 72.8555 11.5865 62.8
      vertex 13.9445 11.5865 62.8
      vertex 80.8 6 62.8
    endloop
  endfacet
  facet normal -0 0 1
    outer loop
      vertex 13.8014 11.5007 62.8
      vertex 80.8 6 62.8
      vertex 13.9445 11.5865 62.8
    endloop
  endfacet
  facet normal 0 0 1
    outer loop
      vertex 6 6 62.8
      vertex 13.8014 11.5007 62.8
      vertex 13.6506 11.4294 62.8
    endloop
  endfacet
  facet normal 0 0 1
    outer loop
      vertex 6 6 62.8
      vertex 13.6506 11.4294 62.8
      vertex 13.4935 11.3732 62.8
    endloop
  endfacet
  facet normal 0 0 1
    outer loop
      vertex 6 6 62.8
      vertex 13.4935 11.3732 62.8
      vertex 13.3317 11.3327 62.8
    endloop
  endfacet
  facet normal 0 0 1
    outer loop
      vertex 6 6 62.8
      vertex 13.3317 11.3327 62.8
      vertex 13.1666 11.3082 62.8
    endloop
  endfacet
  facet normal 0 0 1
    outer loop
      vertex 6 6 62.8
      vertex 13.1666 11.3082 62.8
      vertex 13 11.3 62.8
    endloop
  endfacet
  facet normal 0 0 1
    outer loop
      vertex 6 6 62.8
      vertex 13 11.3 62.8
      vertex 12.8334 11.3082 62.8
    endloop
  endfacet
  facet normal 0 0 1
    outer loop
      vertex 11.3082 13.1666 62.8
      vertex 6 6 62.8
      vertex 11.3 13 62.8
    endloop
  endfacet
  facet normal 0 0 1
    outer loop
      vertex 13.8014 11.5007 62.8
      vertex 6 6 62.8
      vertex 80.8 6 62.8
    endloop
  endfacet
  facet normal 0 0 1
    outer loop
      vertex 12.6683 11.3327 62.8
      vertex 6 6 62.8
      vertex 12.8334 11.3082 62.8
    endloop
  endfacet
  facet normal 0 0 1
    outer loop
      vertex 12.5065 11.3732 62.8
      vertex 6 6 62.8
      vertex 12.6683 11.3327 62.8
    endloop
  endfacet
  facet normal 0 0 1
    outer loop
      vertex 12.3494 11.4294 62.8
      vertex 6 6 62.8
      vertex 12.5065 11.3732 62.8
    endloop
  endfacet
  facet normal 0 0 1
    outer loop
      vertex 12.1986 11.5007 62.8
      vertex 6 6 62.8
      vertex 12.3494 11.4294 62.8
    endloop
  endfacet
  facet normal 0 0 1
    outer loop
      vertex 12.0555 11.5865 62.8
      vertex 6 6 62.8
      vertex 12.1986 11.5007 62.8
    endloop
  endfacet
  facet normal 0 0 1
    outer loop
      vertex 11.9215 11.6859 62.8
      vertex 6 6 62.8
      vertex 12.0555 11.5865 62.8
    endloop
  endfacet
  facet normal 0 0 1
    outer loop
      vertex 11.7979 11.7979 62.8
      vertex 6 6 62.8
      vertex 11.9215 11.6859 62.8
    endloop
  endfacet
  facet normal 0 0 1
    outer loop
      vertex 11.6859 11.9215 62.8
      vertex 6 6 62.8
      vertex 11.7979 11.7979 62.8
    endloop
  endfacet
  facet normal 0 0 1
    outer loop
      vertex 11.5865 12.0555 62.8
      vertex 6 6 62.8
      vertex 11.6859 11.9215 62.8
    endloop
  endfacet
  facet normal 0 0 1
    outer loop
      vertex 11.5007 12.1986 62.8
      vertex 6 6 62.8
      vertex 11.5865 12.0555 62.8
    endloop
  endfacet
  facet normal 0 0 1
    outer loop
      vertex 11.4294 12.3494 62.8
      vertex 6 6 62.8
      vertex 11.5007 12.1986 62.8
    endloop
  endfacet
  facet normal 0 0 1
    outer loop
      vertex 11.3732 12.5065 62.8
      vertex 6 6 62.8
      vertex 11.4294 12.3494 62.8
    endloop
  endfacet
  facet normal 0 0 1
    outer loop
      vertex 11.3327 12.6683 62.8
      vertex 6 6 62.8
      vertex 11.3732 12.5065 62.8
    endloop
  endfacet
  facet normal 0 0 1
    outer loop
      vertex 11.3082 12.8334 62.8
      vertex 6 6 62.8
      vertex 11.3327 12.6683 62.8
    endloop
  endfacet
  facet normal 0 0 1
    outer loop
      vertex 11.3 13 62.8
      vertex 6 6 62.8
      vertex 11.3082 12.8334 62.8
    endloop
  endfacet
  facet normal 0 0 -1
    outer loop
      vertex 75.4268 13.4935 54.4
      vertex 86.8 0 54.4
      vertex 75.4673 13.3317 54.4
    endloop
  endfacet
  facet normal 0 0 -1
    outer loop
      vertex 86.8 58.8 54.4
      vertex 75.4918 45.6334 54.4
      vertex 75.5 45.8 54.4
    endloop
  endfacet
  facet normal 0 0 -1
    outer loop
      vertex 75.3706 13.6506 54.4
      vertex 86.8 0 54.4
      vertex 75.4268 13.4935 54.4
    endloop
  endfacet
  facet normal 0 0 -1
    outer loop
      vertex 86.8 58.8 54.4
      vertex 75.4673 45.4683 54.4
      vertex 75.4918 45.6334 54.4
    endloop
  endfacet
  facet normal 0 0 -1
    outer loop
      vertex 86.8 0 54.4
      vertex 75.3706 13.6506 54.4
      vertex 86.8 58.8 54.4
    endloop
  endfacet
  facet normal 0 0 -1
    outer loop
      vertex 86.8 58.8 54.4
      vertex 75.4268 45.3065 54.4
      vertex 75.4673 45.4683 54.4
    endloop
  endfacet
  facet normal 0 0 -1
    outer loop
      vertex 75.3706 45.1494 54.4
      vertex 86.8 58.8 54.4
      vertex 75.3706 13.6506 54.4
    endloop
  endfacet
  facet normal 0 0 -1
    outer loop
      vertex 86.8 58.8 54.4
      vertex 75.3706 45.1494 54.4
      vertex 75.4268 45.3065 54.4
    endloop
  endfacet
  facet normal 0 0 -1
    outer loop
      vertex 75.2993 13.8014 54.4
      vertex 75.3706 45.1494 54.4
      vertex 75.3706 13.6506 54.4
    endloop
  endfacet
  facet normal 0 0 -1
    outer loop
      vertex 75.2993 13.8014 54.4
      vertex 75.2993 44.9986 54.4
      vertex 75.3706 45.1494 54.4
    endloop
  endfacet
  facet normal 0 0 -1
    outer loop
      vertex 75.2135 13.9445 54.4
      vertex 75.2993 44.9986 54.4
      vertex 75.2993 13.8014 54.4
    endloop
  endfacet
  facet normal 0 0 -1
    outer loop
      vertex 75.2135 13.9445 54.4
      vertex 75.2135 44.8555 54.4
      vertex 75.2993 44.9986 54.4
    endloop
  endfacet
  facet normal 0 0 -1
    outer loop
      vertex 75.1141 14.0785 54.4
      vertex 75.2135 44.8555 54.4
      vertex 75.2135 13.9445 54.4
    endloop
  endfacet
  facet normal 0 0 -1
    outer loop
      vertex 75.1141 14.0785 54.4
      vertex 75.1141 44.7215 54.4
      vertex 75.2135 44.8555 54.4
    endloop
  endfacet
  facet normal 0 0 -1
    outer loop
      vertex 75.0021 14.2021 54.4
      vertex 75.1141 44.7215 54.4
      vertex 75.1141 14.0785 54.4
    endloop
  endfacet
  facet normal 0 0 -1
    outer loop
      vertex 75.0021 14.2021 54.4
      vertex 75.0021 44.5979 54.4
      vertex 75.1141 44.7215 54.4
    endloop
  endfacet
  facet normal 0 0 -1
    outer loop
      vertex 74.8785 14.3141 54.4
      vertex 75.0021 44.5979 54.4
      vertex 75.0021 14.2021 54.4
    endloop
  endfacet
  facet normal 0 0 -1
    outer loop
      vertex 74.8785 14.3141 54.4
      vertex 74.8785 44.4859 54.4
      vertex 75.0021 44.5979 54.4
    endloop
  endfacet
  facet normal 0 0 -1
    outer loop
      vertex 74.8 14.3723 54.4
      vertex 74.8785 44.4859 54.4
      vertex 74.8785 14.3141 54.4
    endloop
  endfacet
  facet normal 0 0 -1
    outer loop
      vertex 74.8785 44.4859 54.4
      vertex 74.8 14.3723 54.4
      vertex 74.8 44.4277 54.4
    endloop
  endfacet
  facet normal 0 0 -1
    outer loop
      vertex 75.4918 13.1666 54.4
      vertex 86.8 0 54.4
      vertex 75.5 13 54.4
    endloop
  endfacet
  facet normal 0 0 -1
    outer loop
      vertex 86.8 0 54.4
      vertex 75.4918 12.8334 54.4
      vertex 75.5 13 54.4
    endloop
  endfacet
  facet normal 0 0 -1
    outer loop
      vertex 86.8 0 54.4
      vertex 75.4673 12.6683 54.4
      vertex 75.4918 12.8334 54.4
    endloop
  endfacet
  facet normal 0 0 -1
    outer loop
      vertex 86.8 0 54.4
      vertex 75.4268 12.5065 54.4
      vertex 75.4673 12.6683 54.4
    endloop
  endfacet
  facet normal 0 0 -1
    outer loop
      vertex 86.8 0 54.4
      vertex 75.3706 12.3494 54.4
      vertex 75.4268 12.5065 54.4
    endloop
  endfacet
  facet normal 0 0 -1
    outer loop
      vertex 86.8 0 54.4
      vertex 75.2993 12.1986 54.4
      vertex 75.3706 12.3494 54.4
    endloop
  endfacet
  facet normal 0 0 -1
    outer loop
      vertex 86.8 0 54.4
      vertex 75.2135 12.0555 54.4
      vertex 75.2993 12.1986 54.4
    endloop
  endfacet
  facet normal 0 0 -1
    outer loop
      vertex 86.8 0 54.4
      vertex 75.1141 11.9215 54.4
      vertex 75.2135 12.0555 54.4
    endloop
  endfacet
  facet normal 0 0 -1
    outer loop
      vertex 86.8 0 54.4
      vertex 75.0021 11.7979 54.4
      vertex 75.1141 11.9215 54.4
    endloop
  endfacet
  facet normal 0 0 -1
    outer loop
      vertex 74.8 0 54.4
      vertex 75.0021 11.7979 54.4
      vertex 86.8 0 54.4
    endloop
  endfacet
  facet normal 0 0 -1
    outer loop
      vertex 75.0021 11.7979 54.4
      vertex 74.8 0 54.4
      vertex 74.8785 11.6859 54.4
    endloop
  endfacet
  facet normal 0 0 -1
    outer loop
      vertex 74.8785 11.6859 54.4
      vertex 74.8 0 54.4
      vertex 74.8 11.6277 54.4
    endloop
  endfacet
  facet normal 0 0 -1
    outer loop
      vertex 75.4673 13.3317 54.4
      vertex 86.8 0 54.4
      vertex 75.4918 13.1666 54.4
    endloop
  endfacet
  facet normal 0 0 -1
    outer loop
      vertex 75.4918 45.9666 54.4
      vertex 86.8 58.8 54.4
      vertex 75.5 45.8 54.4
    endloop
  endfacet
  facet normal 0 0 -1
    outer loop
      vertex 75.4673 46.1317 54.4
      vertex 86.8 58.8 54.4
      vertex 75.4918 45.9666 54.4
    endloop
  endfacet
  facet normal 0 0 -1
    outer loop
      vertex 75.4268 46.2935 54.4
      vertex 86.8 58.8 54.4
      vertex 75.4673 46.1317 54.4
    endloop
  endfacet
  facet normal 0 0 -1
    outer loop
      vertex 75.3706 46.4506 54.4
      vertex 86.8 58.8 54.4
      vertex 75.4268 46.2935 54.4
    endloop
  endfacet
  facet normal 0 0 -1
    outer loop
      vertex 75.2993 46.6014 54.4
      vertex 86.8 58.8 54.4
      vertex 75.3706 46.4506 54.4
    endloop
  endfacet
  facet normal 0 0 -1
    outer loop
      vertex 75.2135 46.7445 54.4
      vertex 86.8 58.8 54.4
      vertex 75.2993 46.6014 54.4
    endloop
  endfacet
  facet normal 0 0 -1
    outer loop
      vertex 75.1141 46.8785 54.4
      vertex 86.8 58.8 54.4
      vertex 75.2135 46.7445 54.4
    endloop
  endfacet
  facet normal 0 0 -1
    outer loop
      vertex 75.0021 47.0021 54.4
      vertex 86.8 58.8 54.4
      vertex 75.1141 46.8785 54.4
    endloop
  endfacet
  facet normal 0 0 -1
    outer loop
      vertex 74.8785 47.1141 54.4
      vertex 86.8 58.8 54.4
      vertex 75.0021 47.0021 54.4
    endloop
  endfacet
  facet normal 0 0 -1
    outer loop
      vertex 74.7445 47.2135 54.4
      vertex 86.8 58.8 54.4
      vertex 74.8785 47.1141 54.4
    endloop
  endfacet
  facet normal 0 0 -1
    outer loop
      vertex 74.6014 47.2993 54.4
      vertex 86.8 58.8 54.4
      vertex 74.7445 47.2135 54.4
    endloop
  endfacet
  facet normal 0 0 -1
    outer loop
      vertex 74.4506 47.3706 54.4
      vertex 86.8 58.8 54.4
      vertex 74.6014 47.2993 54.4
    endloop
  endfacet
  facet normal 0 0 -1
    outer loop
      vertex 74.2935 47.4268 54.4
      vertex 86.8 58.8 54.4
      vertex 74.4506 47.3706 54.4
    endloop
  endfacet
  facet normal 0 0 -1
    outer loop
      vertex 74.1317 47.4673 54.4
      vertex 86.8 58.8 54.4
      vertex 74.2935 47.4268 54.4
    endloop
  endfacet
  facet normal 0 0 -1
    outer loop
      vertex 73.9666 47.4918 54.4
      vertex 86.8 58.8 54.4
      vertex 74.1317 47.4673 54.4
    endloop
  endfacet
  facet normal 0 0 -1
    outer loop
      vertex 73.8 47.5 54.4
      vertex 86.8 58.8 54.4
      vertex 73.9666 47.4918 54.4
    endloop
  endfacet
  facet normal 0 0 -1
    outer loop
      vertex 73.6334 47.4918 54.4
      vertex 86.8 58.8 54.4
      vertex 73.8 47.5 54.4
    endloop
  endfacet
  facet normal 0 0 -1
    outer loop
      vertex 73.4683 47.4673 54.4
      vertex 86.8 58.8 54.4
      vertex 73.6334 47.4918 54.4
    endloop
  endfacet
  facet normal 0 0 -1
    outer loop
      vertex 73.3065 47.4268 54.4
      vertex 86.8 58.8 54.4
      vertex 73.4683 47.4673 54.4
    endloop
  endfacet
  facet normal 0 0 -1
    outer loop
      vertex 73.1494 47.3706 54.4
      vertex 86.8 58.8 54.4
      vertex 73.3065 47.4268 54.4
    endloop
  endfacet
  facet normal 0 0 -1
    outer loop
      vertex 72.9986 47.2993 54.4
      vertex 86.8 58.8 54.4
      vertex 73.1494 47.3706 54.4
    endloop
  endfacet
  facet normal 0 0 -1
    outer loop
      vertex 72.8555 47.2135 54.4
      vertex 86.8 58.8 54.4
      vertex 72.9986 47.2993 54.4
    endloop
  endfacet
  facet normal 0 0 -1
    outer loop
      vertex 13.9445 47.2135 54.4
      vertex 72.8555 47.2135 54.4
      vertex 72.7215 47.1141 54.4
    endloop
  endfacet
  facet normal 0 0 -1
    outer loop
      vertex 14.3723 46.8 54.4
      vertex 72.4859 46.8785 54.4
      vertex 72.4277 46.8 54.4
    endloop
  endfacet
  facet normal 0 0 -1
    outer loop
      vertex 14.3141 46.8785 54.4
      vertex 72.4859 46.8785 54.4
      vertex 14.3723 46.8 54.4
    endloop
  endfacet
  facet normal 0 0 -1
    outer loop
      vertex 72.4859 46.8785 54.4
      vertex 14.3141 46.8785 54.4
      vertex 72.5979 47.0021 54.4
    endloop
  endfacet
  facet normal 0 0 -1
    outer loop
      vertex 14.2021 47.0021 54.4
      vertex 72.5979 47.0021 54.4
      vertex 14.3141 46.8785 54.4
    endloop
  endfacet
  facet normal 0 0 -1
    outer loop
      vertex 72.5979 47.0021 54.4
      vertex 14.2021 47.0021 54.4
      vertex 72.7215 47.1141 54.4
    endloop
  endfacet
  facet normal 0 0 -1
    outer loop
      vertex 14.0785 47.1141 54.4
      vertex 72.7215 47.1141 54.4
      vertex 14.2021 47.0021 54.4
    endloop
  endfacet
  facet normal 0 0 -1
    outer loop
      vertex 13.9445 47.2135 54.4
      vertex 72.7215 47.1141 54.4
      vertex 14.0785 47.1141 54.4
    endloop
  endfacet
  facet normal 0 0 -1
    outer loop
      vertex 72.8555 47.2135 54.4
      vertex 13.9445 47.2135 54.4
      vertex 86.8 58.8 54.4
    endloop
  endfacet
  facet normal 0 0 -1
    outer loop
      vertex 13.8014 47.2993 54.4
      vertex 86.8 58.8 54.4
      vertex 13.9445 47.2135 54.4
    endloop
  endfacet
  facet normal 0 0 -1
    outer loop
      vertex 0 58.8 54.4
      vertex 13.8014 47.2993 54.4
      vertex 13.6506 47.3706 54.4
    endloop
  endfacet
  facet normal 0 0 -1
    outer loop
      vertex 0 58.8 54.4
      vertex 13.6506 47.3706 54.4
      vertex 13.4935 47.4268 54.4
    endloop
  endfacet
  facet normal 0 0 -1
    outer loop
      vertex 0 58.8 54.4
      vertex 13.4935 47.4268 54.4
      vertex 13.3317 47.4673 54.4
    endloop
  endfacet
  facet normal 0 0 -1
    outer loop
      vertex 0 58.8 54.4
      vertex 13.3317 47.4673 54.4
      vertex 13.1666 47.4918 54.4
    endloop
  endfacet
  facet normal 0 0 -1
    outer loop
      vertex 0 58.8 54.4
      vertex 13.1666 47.4918 54.4
      vertex 13 47.5 54.4
    endloop
  endfacet
  facet normal 0 0 -1
    outer loop
      vertex 0 58.8 54.4
      vertex 13 47.5 54.4
      vertex 12.8334 47.4918 54.4
    endloop
  endfacet
  facet normal 0 0 -1
    outer loop
      vertex 0 58.8 54.4
      vertex 12.8334 47.4918 54.4
      vertex 12.6683 47.4673 54.4
    endloop
  endfacet
  facet normal 0 0 -1
    outer loop
      vertex 0 46.8 54.4
      vertex 11.6859 46.8785 54.4
      vertex 11.6277 46.8 54.4
    endloop
  endfacet
  facet normal 0 0 -1
    outer loop
      vertex 0 46.8 54.4
      vertex 11.7979 47.0021 54.4
      vertex 11.6859 46.8785 54.4
    endloop
  endfacet
  facet normal 0 0 -1
    outer loop
      vertex 0 58.8 54.4
      vertex 11.7979 47.0021 54.4
      vertex 0 46.8 54.4
    endloop
  endfacet
  facet normal 0 0 -1
    outer loop
      vertex 11.7979 47.0021 54.4
      vertex 0 58.8 54.4
      vertex 11.9215 47.1141 54.4
    endloop
  endfacet
  facet normal 0 0 -1
    outer loop
      vertex 11.9215 47.1141 54.4
      vertex 0 58.8 54.4
      vertex 12.0555 47.2135 54.4
    endloop
  endfacet
  facet normal 0 0 -1
    outer loop
      vertex 12.0555 47.2135 54.4
      vertex 0 58.8 54.4
      vertex 12.1986 47.2993 54.4
    endloop
  endfacet
  facet normal 0 0 -1
    outer loop
      vertex 12.1986 47.2993 54.4
      vertex 0 58.8 54.4
      vertex 12.3494 47.3706 54.4
    endloop
  endfacet
  facet normal 0 0 -1
    outer loop
      vertex 12.3494 47.3706 54.4
      vertex 0 58.8 54.4
      vertex 12.5065 47.4268 54.4
    endloop
  endfacet
  facet normal 0 0 -1
    outer loop
      vertex 12.5065 47.4268 54.4
      vertex 0 58.8 54.4
      vertex 12.6683 47.4673 54.4
    endloop
  endfacet
  facet normal 0 0 -1
    outer loop
      vertex 13.8014 47.2993 54.4
      vertex 0 58.8 54.4
      vertex 86.8 58.8 54.4
    endloop
  endfacet
  facet normal 0 0 -1
    outer loop
      vertex 72.4 2.4 54.4
      vertex 72.3865 12.0555 54.4
      vertex 72.4 12.0373 54.4
    endloop
  endfacet
  facet normal 0 0 -1
    outer loop
      vertex 72.4 2.4 54.4
      vertex 72.3007 12.1986 54.4
      vertex 72.3865 12.0555 54.4
    endloop
  endfacet
  facet normal 0 0 -1
    outer loop
      vertex 72.4 2.4 54.4
      vertex 72.2294 12.3494 54.4
      vertex 72.3007 12.1986 54.4
    endloop
  endfacet
  facet normal 0 0 -1
    outer loop
      vertex 72.4 2.4 54.4
      vertex 72.1732 12.5065 54.4
      vertex 72.2294 12.3494 54.4
    endloop
  endfacet
  facet normal 0 0 -1
    outer loop
      vertex 72.4 2.4 54.4
      vertex 72.1327 12.6683 54.4
      vertex 72.1732 12.5065 54.4
    endloop
  endfacet
  facet normal 0 0 -1
    outer loop
      vertex 14.6673 12.6683 54.4
      vertex 72.1327 12.6683 54.4
      vertex 72.4 2.4 54.4
    endloop
  endfacet
  facet normal 0 0 -1
    outer loop
      vertex 72.1327 12.6683 54.4
      vertex 14.6673 12.6683 54.4
      vertex 72.1082 12.8334 54.4
    endloop
  endfacet
  facet normal 0 -0 -1
    outer loop
      vertex 14.6918 12.8334 54.4
      vertex 72.1082 12.8334 54.4
      vertex 14.6673 12.6683 54.4
    endloop
  endfacet
  facet normal -0 0 -1
    outer loop
      vertex 72.1 13 54.4
      vertex 14.6918 12.8334 54.4
      vertex 14.7 13 54.4
    endloop
  endfacet
  facet normal 0 0 -1
    outer loop
      vertex 72.1082 12.8334 54.4
      vertex 14.6918 12.8334 54.4
      vertex 72.1 13 54.4
    endloop
  endfacet
  facet normal 0 0 -1
    outer loop
      vertex 72.4 2.4 54.4
      vertex 14.6268 12.5065 54.4
      vertex 14.6673 12.6683 54.4
    endloop
  endfacet
  facet normal 0 0 -1
    outer loop
      vertex 72.4 2.4 54.4
      vertex 14.5706 12.3494 54.4
      vertex 14.6268 12.5065 54.4
    endloop
  endfacet
  facet normal 0 0 -1
    outer loop
      vertex 72.4 2.4 54.4
      vertex 14.4993 12.1986 54.4
      vertex 14.5706 12.3494 54.4
    endloop
  endfacet
  facet normal 0 0 -1
    outer loop
      vertex 72.4 2.4 54.4
      vertex 14.4135 12.0555 54.4
      vertex 14.4993 12.1986 54.4
    endloop
  endfacet
  facet normal 0 0 -1
    outer loop
      vertex 72.4 2.4 54.4
      vertex 14.3141 11.9215 54.4
      vertex 14.4135 12.0555 54.4
    endloop
  endfacet
  facet normal 0 0 -1
    outer loop
      vertex 72.4 2.4 54.4
      vertex 14.2021 11.7979 54.4
      vertex 14.3141 11.9215 54.4
    endloop
  endfacet
  facet normal 0 0 -1
    outer loop
      vertex 72.4 2.4 54.4
      vertex 14.0785 11.6859 54.4
      vertex 14.2021 11.7979 54.4
    endloop
  endfacet
  facet normal 0 0 -1
    outer loop
      vertex 72.4 2.4 54.4
      vertex 13.9445 11.5865 54.4
      vertex 14.0785 11.6859 54.4
    endloop
  endfacet
  facet normal 0 0 -1
    outer loop
      vertex 72.4 2.4 54.4
      vertex 13.8014 11.5007 54.4
      vertex 13.9445 11.5865 54.4
    endloop
  endfacet
  facet normal 0 0 -1
    outer loop
      vertex 2.4 2.4 54.4
      vertex 13.8014 11.5007 54.4
      vertex 72.4 2.4 54.4
    endloop
  endfacet
  facet normal 0 0 -1
    outer loop
      vertex 13.8014 11.5007 54.4
      vertex 2.4 2.4 54.4
      vertex 13.6506 11.4294 54.4
    endloop
  endfacet
  facet normal 0 0 -1
    outer loop
      vertex 13.6506 11.4294 54.4
      vertex 2.4 2.4 54.4
      vertex 13.4935 11.3732 54.4
    endloop
  endfacet
  facet normal 0 0 -1
    outer loop
      vertex 13.4935 11.3732 54.4
      vertex 2.4 2.4 54.4
      vertex 13.3317 11.3327 54.4
    endloop
  endfacet
  facet normal 0 0 -1
    outer loop
      vertex 13.3317 11.3327 54.4
      vertex 2.4 2.4 54.4
      vertex 13.1666 11.3082 54.4
    endloop
  endfacet
  facet normal 0 0 -1
    outer loop
      vertex 13.1666 11.3082 54.4
      vertex 2.4 2.4 54.4
      vertex 13 11.3 54.4
    endloop
  endfacet
  facet normal -0 0 -1
    outer loop
      vertex 13 11.3 54.4
      vertex 2.4 2.4 54.4
      vertex 12.8334 11.3082 54.4
    endloop
  endfacet
  facet normal -0 0 -1
    outer loop
      vertex 11.3082 12.8334 54.4
      vertex 2.4 2.4 54.4
      vertex 11.3 13 54.4
    endloop
  endfacet
  facet normal -0 0 -1
    outer loop
      vertex 11.3327 12.6683 54.4
      vertex 2.4 2.4 54.4
      vertex 11.3082 12.8334 54.4
    endloop
  endfacet
  facet normal -0 0 -1
    outer loop
      vertex 11.3732 12.5065 54.4
      vertex 2.4 2.4 54.4
      vertex 11.3327 12.6683 54.4
    endloop
  endfacet
  facet normal -0 0 -1
    outer loop
      vertex 11.4294 12.3494 54.4
      vertex 2.4 2.4 54.4
      vertex 11.3732 12.5065 54.4
    endloop
  endfacet
  facet normal -0 0 -1
    outer loop
      vertex 11.5007 12.1986 54.4
      vertex 2.4 2.4 54.4
      vertex 11.4294 12.3494 54.4
    endloop
  endfacet
  facet normal -0 0 -1
    outer loop
      vertex 11.5865 12.0555 54.4
      vertex 2.4 2.4 54.4
      vertex 11.5007 12.1986 54.4
    endloop
  endfacet
  facet normal -0 0 -1
    outer loop
      vertex 11.6859 11.9215 54.4
      vertex 2.4 2.4 54.4
      vertex 11.5865 12.0555 54.4
    endloop
  endfacet
  facet normal -0 0 -1
    outer loop
      vertex 11.7979 11.7979 54.4
      vertex 2.4 2.4 54.4
      vertex 11.6859 11.9215 54.4
    endloop
  endfacet
  facet normal -0 0 -1
    outer loop
      vertex 11.9215 11.6859 54.4
      vertex 2.4 2.4 54.4
      vertex 11.7979 11.7979 54.4
    endloop
  endfacet
  facet normal -0 0 -1
    outer loop
      vertex 12.0555 11.5865 54.4
      vertex 2.4 2.4 54.4
      vertex 11.9215 11.6859 54.4
    endloop
  endfacet
  facet normal -0 0 -1
    outer loop
      vertex 12.1986 11.5007 54.4
      vertex 2.4 2.4 54.4
      vertex 12.0555 11.5865 54.4
    endloop
  endfacet
  facet normal -0 0 -1
    outer loop
      vertex 12.3494 11.4294 54.4
      vertex 2.4 2.4 54.4
      vertex 12.1986 11.5007 54.4
    endloop
  endfacet
  facet normal -0 0 -1
    outer loop
      vertex 12.5065 11.3732 54.4
      vertex 2.4 2.4 54.4
      vertex 12.3494 11.4294 54.4
    endloop
  endfacet
  facet normal -0 0 -1
    outer loop
      vertex 12.6683 11.3327 54.4
      vertex 2.4 2.4 54.4
      vertex 12.5065 11.3732 54.4
    endloop
  endfacet
  facet normal -0 0 -1
    outer loop
      vertex 12.8334 11.3082 54.4
      vertex 2.4 2.4 54.4
      vertex 12.6683 11.3327 54.4
    endloop
  endfacet
  facet normal 0 0 -1
    outer loop
      vertex 72.3865 13.9445 54.4
      vertex 72.4 44.4 54.4
      vertex 72.4 13.9627 54.4
    endloop
  endfacet
  facet normal 0 0 -1
    outer loop
      vertex 72.3007 13.8014 54.4
      vertex 72.4 44.4 54.4
      vertex 72.3865 13.9445 54.4
    endloop
  endfacet
  facet normal 0 0 -1
    outer loop
      vertex 14.4993 13.8014 54.4
      vertex 72.3007 13.8014 54.4
      vertex 72.2294 13.6506 54.4
    endloop
  endfacet
  facet normal 0 0 -1
    outer loop
      vertex 14.5706 13.6506 54.4
      vertex 72.2294 13.6506 54.4
      vertex 72.1732 13.4935 54.4
    endloop
  endfacet
  facet normal 0 0 -1
    outer loop
      vertex 14.6268 13.4935 54.4
      vertex 72.1732 13.4935 54.4
      vertex 72.1327 13.3317 54.4
    endloop
  endfacet
  facet normal 0 0 -1
    outer loop
      vertex 14.6673 13.3317 54.4
      vertex 72.1327 13.3317 54.4
      vertex 72.1082 13.1666 54.4
    endloop
  endfacet
  facet normal 0 0 -1
    outer loop
      vertex 14.6918 13.1666 54.4
      vertex 72.1082 13.1666 54.4
      vertex 72.1 13 54.4
    endloop
  endfacet
  facet normal 0 0 -1
    outer loop
      vertex 14.6918 13.1666 54.4
      vertex 72.1 13 54.4
      vertex 14.7 13 54.4
    endloop
  endfacet
  facet normal 0 0 -1
    outer loop
      vertex 72.1082 13.1666 54.4
      vertex 14.6918 13.1666 54.4
      vertex 14.6673 13.3317 54.4
    endloop
  endfacet
  facet normal 0 0 -1
    outer loop
      vertex 72.1327 13.3317 54.4
      vertex 14.6673 13.3317 54.4
      vertex 14.6268 13.4935 54.4
    endloop
  endfacet
  facet normal 0 0 -1
    outer loop
      vertex 72.1732 13.4935 54.4
      vertex 14.6268 13.4935 54.4
      vertex 14.5706 13.6506 54.4
    endloop
  endfacet
  facet normal 0 0 -1
    outer loop
      vertex 72.2294 13.6506 54.4
      vertex 14.5706 13.6506 54.4
      vertex 14.4993 13.8014 54.4
    endloop
  endfacet
  facet normal 0 0 -1
    outer loop
      vertex 72.3007 13.8014 54.4
      vertex 14.4993 13.8014 54.4
      vertex 72.4 44.4 54.4
    endloop
  endfacet
  facet normal 0 0 -1
    outer loop
      vertex 13.9627 44.4 54.4
      vertex 14.4993 13.8014 54.4
      vertex 14.4135 13.9445 54.4
    endloop
  endfacet
  facet normal 0 0 -1
    outer loop
      vertex 13.9627 44.4 54.4
      vertex 14.4135 13.9445 54.4
      vertex 14.3141 14.0785 54.4
    endloop
  endfacet
  facet normal 0 0 -1
    outer loop
      vertex 13.9627 44.4 54.4
      vertex 14.3141 14.0785 54.4
      vertex 14.2021 14.2021 54.4
    endloop
  endfacet
  facet normal 0 0 -1
    outer loop
      vertex 13.9627 44.4 54.4
      vertex 14.2021 14.2021 54.4
      vertex 14.0785 14.3141 54.4
    endloop
  endfacet
  facet normal 0 0 -1
    outer loop
      vertex 14.4993 13.8014 54.4
      vertex 13.9627 44.4 54.4
      vertex 72.4 44.4 54.4
    endloop
  endfacet
  facet normal 0 0 -1
    outer loop
      vertex 13.9445 14.4135 54.4
      vertex 13.9627 44.4 54.4
      vertex 14.0785 14.3141 54.4
    endloop
  endfacet
  facet normal 0 0 -1
    outer loop
      vertex 13.9445 14.4135 54.4
      vertex 13.9445 44.3865 54.4
      vertex 13.9627 44.4 54.4
    endloop
  endfacet
  facet normal 0 0 -1
    outer loop
      vertex 13.8014 14.4993 54.4
      vertex 13.9445 44.3865 54.4
      vertex 13.9445 14.4135 54.4
    endloop
  endfacet
  facet normal 0 0 -1
    outer loop
      vertex 13.8014 14.4993 54.4
      vertex 13.8014 44.3007 54.4
      vertex 13.9445 44.3865 54.4
    endloop
  endfacet
  facet normal 0 0 -1
    outer loop
      vertex 13.6506 14.5706 54.4
      vertex 13.8014 44.3007 54.4
      vertex 13.8014 14.4993 54.4
    endloop
  endfacet
  facet normal 0 0 -1
    outer loop
      vertex 13.6506 14.5706 54.4
      vertex 13.6506 44.2294 54.4
      vertex 13.8014 44.3007 54.4
    endloop
  endfacet
  facet normal 0 0 -1
    outer loop
      vertex 13.4935 14.6268 54.4
      vertex 13.6506 44.2294 54.4
      vertex 13.6506 14.5706 54.4
    endloop
  endfacet
  facet normal 0 0 -1
    outer loop
      vertex 13.4935 14.6268 54.4
      vertex 13.4935 44.1732 54.4
      vertex 13.6506 44.2294 54.4
    endloop
  endfacet
  facet normal 0 0 -1
    outer loop
      vertex 13.3317 14.6673 54.4
      vertex 13.4935 44.1732 54.4
      vertex 13.4935 14.6268 54.4
    endloop
  endfacet
  facet normal 0 0 -1
    outer loop
      vertex 13.3317 14.6673 54.4
      vertex 13.3317 44.1327 54.4
      vertex 13.4935 44.1732 54.4
    endloop
  endfacet
  facet normal 0 0 -1
    outer loop
      vertex 13.1666 14.6918 54.4
      vertex 13.3317 44.1327 54.4
      vertex 13.3317 14.6673 54.4
    endloop
  endfacet
  facet normal 0 0 -1
    outer loop
      vertex 13.1666 14.6918 54.4
      vertex 13.1666 44.1082 54.4
      vertex 13.3317 44.1327 54.4
    endloop
  endfacet
  facet normal 0 0 -1
    outer loop
      vertex 13 14.7 54.4
      vertex 13.1666 44.1082 54.4
      vertex 13.1666 14.6918 54.4
    endloop
  endfacet
  facet normal 0 0 -1
    outer loop
      vertex 13 14.7 54.4
      vertex 13 44.1 54.4
      vertex 13.1666 44.1082 54.4
    endloop
  endfacet
  facet normal 0 0 -1
    outer loop
      vertex 12.8334 14.6918 54.4
      vertex 13 44.1 54.4
      vertex 13 14.7 54.4
    endloop
  endfacet
  facet normal 0 0 -1
    outer loop
      vertex 12.8334 14.6918 54.4
      vertex 12.8334 44.1082 54.4
      vertex 13 44.1 54.4
    endloop
  endfacet
  facet normal 0 0 -1
    outer loop
      vertex 12.6683 14.6673 54.4
      vertex 12.8334 44.1082 54.4
      vertex 12.8334 14.6918 54.4
    endloop
  endfacet
  facet normal 0 0 -1
    outer loop
      vertex 12.6683 14.6673 54.4
      vertex 12.6683 44.1327 54.4
      vertex 12.8334 44.1082 54.4
    endloop
  endfacet
  facet normal 0 0 -1
    outer loop
      vertex 12.5065 14.6268 54.4
      vertex 12.6683 44.1327 54.4
      vertex 12.6683 14.6673 54.4
    endloop
  endfacet
  facet normal 0 0 -1
    outer loop
      vertex 12.5065 14.6268 54.4
      vertex 12.5065 44.1732 54.4
      vertex 12.6683 44.1327 54.4
    endloop
  endfacet
  facet normal 0 0 -1
    outer loop
      vertex 12.3494 14.5706 54.4
      vertex 12.5065 44.1732 54.4
      vertex 12.5065 14.6268 54.4
    endloop
  endfacet
  facet normal 0 0 -1
    outer loop
      vertex 12.3494 14.5706 54.4
      vertex 12.3494 44.2294 54.4
      vertex 12.5065 44.1732 54.4
    endloop
  endfacet
  facet normal 0 0 -1
    outer loop
      vertex 2.4 44.4 54.4
      vertex 12.3494 14.5706 54.4
      vertex 12.1986 14.4993 54.4
    endloop
  endfacet
  facet normal 0 0 -1
    outer loop
      vertex 12.3494 14.5706 54.4
      vertex 2.4 44.4 54.4
      vertex 12.3494 44.2294 54.4
    endloop
  endfacet
  facet normal 0 0 -1
    outer loop
      vertex 2.4 44.4 54.4
      vertex 12.1986 14.4993 54.4
      vertex 12.0555 14.4135 54.4
    endloop
  endfacet
  facet normal 0 0 -1
    outer loop
      vertex 12.3494 44.2294 54.4
      vertex 2.4 44.4 54.4
      vertex 12.1986 44.3007 54.4
    endloop
  endfacet
  facet normal 0 0 -1
    outer loop
      vertex 12.1986 44.3007 54.4
      vertex 2.4 44.4 54.4
      vertex 12.0555 44.3865 54.4
    endloop
  endfacet
  facet normal 0 0 -1
    outer loop
      vertex 2.4 44.4 54.4
      vertex 12.0555 14.4135 54.4
      vertex 11.9215 14.3141 54.4
    endloop
  endfacet
  facet normal 0 0 -1
    outer loop
      vertex 2.4 44.4 54.4
      vertex 11.9215 14.3141 54.4
      vertex 11.7979 14.2021 54.4
    endloop
  endfacet
  facet normal 0 0 -1
    outer loop
      vertex 2.4 44.4 54.4
      vertex 11.7979 14.2021 54.4
      vertex 11.6859 14.0785 54.4
    endloop
  endfacet
  facet normal 0 0 -1
    outer loop
      vertex 2.4 44.4 54.4
      vertex 11.6859 14.0785 54.4
      vertex 11.5865 13.9445 54.4
    endloop
  endfacet
  facet normal 0 0 -1
    outer loop
      vertex 2.4 44.4 54.4
      vertex 11.5865 13.9445 54.4
      vertex 11.5007 13.8014 54.4
    endloop
  endfacet
  facet normal 0 0 -1
    outer loop
      vertex 2.4 44.4 54.4
      vertex 11.5007 13.8014 54.4
      vertex 11.4294 13.6506 54.4
    endloop
  endfacet
  facet normal 0 0 -1
    outer loop
      vertex 2.4 2.4 54.4
      vertex 11.4294 13.6506 54.4
      vertex 11.3732 13.4935 54.4
    endloop
  endfacet
  facet normal 0 0 -1
    outer loop
      vertex 2.4 2.4 54.4
      vertex 11.3732 13.4935 54.4
      vertex 11.3327 13.3317 54.4
    endloop
  endfacet
  facet normal 0 0 -1
    outer loop
      vertex 2.4 2.4 54.4
      vertex 11.3327 13.3317 54.4
      vertex 11.3082 13.1666 54.4
    endloop
  endfacet
  facet normal 0 0 -1
    outer loop
      vertex 2.4 2.4 54.4
      vertex 11.3082 13.1666 54.4
      vertex 11.3 13 54.4
    endloop
  endfacet
  facet normal -0 0 -1
    outer loop
      vertex 11.4294 13.6506 54.4
      vertex 2.4 2.4 54.4
      vertex 2.4 44.4 54.4
    endloop
  endfacet
  facet normal 0 0 -1
    outer loop
      vertex 12.0555 44.3865 54.4
      vertex 2.4 44.4 54.4
      vertex 12.0373 44.4 54.4
    endloop
  endfacet
  facet normal 1 -0 0
    outer loop
      vertex 86.8 0 56.8
      vertex 86.8 58.8 54.4
      vertex 86.8 58.8 56.8
    endloop
  endfacet
  facet normal 1 0 0
    outer loop
      vertex 86.8 58.8 54.4
      vertex 86.8 0 56.8
      vertex 86.8 0 54.4
    endloop
  endfacet
  facet normal 0 0 1
    outer loop
      vertex 86.8 58.8 56.8
      vertex 80.8 52.8 56.8
      vertex 86.8 0 56.8
    endloop
  endfacet
  facet normal 0 0 1
    outer loop
      vertex 86.8 58.8 56.8
      vertex 6 52.8 56.8
      vertex 80.8 52.8 56.8
    endloop
  endfacet
  facet normal 0 0 1
    outer loop
      vertex 6 52.8 56.8
      vertex 0 58.8 56.8
      vertex 6 6 56.8
    endloop
  endfacet
  facet normal -0 0 1
    outer loop
      vertex 0 58.8 56.8
      vertex 6 52.8 56.8
      vertex 86.8 58.8 56.8
    endloop
  endfacet
  facet normal -0 0 1
    outer loop
      vertex 80.8 6 56.8
      vertex 86.8 0 56.8
      vertex 80.8 52.8 56.8
    endloop
  endfacet
  facet normal -0 0 1
    outer loop
      vertex 6 6 56.8
      vertex 86.8 0 56.8
      vertex 80.8 6 56.8
    endloop
  endfacet
  facet normal 0 0 1
    outer loop
      vertex 6 6 56.8
      vertex 0 0 56.8
      vertex 86.8 0 56.8
    endloop
  endfacet
  facet normal 0 0 1
    outer loop
      vertex 0 0 56.8
      vertex 6 6 56.8
      vertex 0 58.8 56.8
    endloop
  endfacet
  facet normal 0 1 -0
    outer loop
      vertex 86.8 58.8 54.4
      vertex 0 58.8 56.8
      vertex 86.8 58.8 56.8
    endloop
  endfacet
  facet normal 0 1 0
    outer loop
      vertex 0 58.8 56.8
      vertex 86.8 58.8 54.4
      vertex 0 58.8 54.4
    endloop
  endfacet
  facet normal 1 -0 0
    outer loop
      vertex 80.8 6 62.8
      vertex 80.8 52.8 56.8
      vertex 80.8 52.8 62.8
    endloop
  endfacet
  facet normal 1 0 0
    outer loop
      vertex 80.8 52.8 56.8
      vertex 80.8 6 62.8
      vertex 80.8 6 56.8
    endloop
  endfacet
  facet normal -1 0 0
    outer loop
      vertex 6 6 56.8
      vertex 6 52.8 62.8
      vertex 6 52.8 56.8
    endloop
  endfacet
  facet normal -1 -0 0
    outer loop
      vertex 6 52.8 62.8
      vertex 6 6 56.8
      vertex 6 6 62.8
    endloop
  endfacet
  facet normal 0 1 -0
    outer loop
      vertex 80.8 52.8 56.8
      vertex 6 52.8 62.8
      vertex 80.8 52.8 62.8
    endloop
  endfacet
  facet normal 0 1 0
    outer loop
      vertex 6 52.8 62.8
      vertex 80.8 52.8 56.8
      vertex 6 52.8 56.8
    endloop
  endfacet
  facet normal 0 -1 0
    outer loop
      vertex 6 6 56.8
      vertex 80.8 6 62.8
      vertex 6 6 62.8
    endloop
  endfacet
  facet normal 0 -1 -0
    outer loop
      vertex 80.8 6 62.8
      vertex 6 6 56.8
      vertex 80.8 6 56.8
    endloop
  endfacet
  facet normal 0.904043 -0.427442 -4.73326e-19
    outer loop
      vertex 11.4294 13.6506 62.8
      vertex 11.5007 13.8014 54.4
      vertex 11.5007 13.8014 62.8
    endloop
  endfacet
  facet normal 0.904043 -0.427442 -4.73326e-19
    outer loop
      vertex 11.5007 13.8014 54.4
      vertex 11.4294 13.6506 62.8
      vertex 11.4294 13.6506 54.4
    endloop
  endfacet
  facet normal -0.989168 -0.146788 -2.73955e-19
    outer loop
      vertex 14.6918 13.1666 54.4
      vertex 14.6673 13.3317 62.8
      vertex 14.6673 13.3317 54.4
    endloop
  endfacet
  facet normal -0.989168 -0.146788 -2.73955e-19
    outer loop
      vertex 14.6673 13.3317 62.8
      vertex 14.6918 13.1666 54.4
      vertex 14.6918 13.1666 62.8
    endloop
  endfacet
  facet normal -0.998791 -0.0491602 -5.81571e-20
    outer loop
      vertex 14.7 13 54.4
      vertex 14.6918 13.1666 62.8
      vertex 14.6918 13.1666 54.4
    endloop
  endfacet
  facet normal -0.998791 -0.0491602 -5.81571e-20
    outer loop
      vertex 14.6918 13.1666 62.8
      vertex 14.7 13 54.4
      vertex 14.7 13 62.8
    endloop
  endfacet
  facet normal -0.970072 -0.242818 -7.8109e-20
    outer loop
      vertex 14.6673 13.3317 54.4
      vertex 14.6268 13.4935 62.8
      vertex 14.6268 13.4935 54.4
    endloop
  endfacet
  facet normal -0.970072 -0.242818 -7.8109e-20
    outer loop
      vertex 14.6268 13.4935 62.8
      vertex 14.6673 13.3317 54.4
      vertex 14.6673 13.3317 62.8
    endloop
  endfacet
  facet normal -0.146788 -0.989168 0
    outer loop
      vertex 13.1666 14.6918 54.4
      vertex 13.3317 14.6673 62.8
      vertex 13.1666 14.6918 62.8
    endloop
  endfacet
  facet normal -0.146788 -0.989168 -0
    outer loop
      vertex 13.3317 14.6673 62.8
      vertex 13.1666 14.6918 54.4
      vertex 13.3317 14.6673 54.4
    endloop
  endfacet
  facet normal 0.146788 -0.989168 0
    outer loop
      vertex 12.6683 14.6673 54.4
      vertex 12.8334 14.6918 62.8
      vertex 12.6683 14.6673 62.8
    endloop
  endfacet
  facet normal 0.146788 -0.989168 0
    outer loop
      vertex 12.8334 14.6918 62.8
      vertex 12.6683 14.6673 54.4
      vertex 12.8334 14.6918 54.4
    endloop
  endfacet
  facet normal -0.803154 -0.595772 4.86653e-19
    outer loop
      vertex 14.4135 13.9445 54.4
      vertex 14.3141 14.0785 62.8
      vertex 14.3141 14.0785 54.4
    endloop
  endfacet
  facet normal -0.803154 -0.595772 4.86653e-19
    outer loop
      vertex 14.3141 14.0785 62.8
      vertex 14.4135 13.9445 54.4
      vertex 14.4135 13.9445 62.8
    endloop
  endfacet
  facet normal -0.514231 0.857652 0
    outer loop
      vertex 13.9445 11.5865 54.4
      vertex 13.8014 11.5007 62.8
      vertex 13.9445 11.5865 62.8
    endloop
  endfacet
  facet normal -0.514231 0.857652 0
    outer loop
      vertex 13.8014 11.5007 62.8
      vertex 13.9445 11.5865 54.4
      vertex 13.8014 11.5007 54.4
    endloop
  endfacet
  facet normal -0.595772 -0.803154 0
    outer loop
      vertex 13.9445 14.4135 54.4
      vertex 14.0785 14.3141 62.8
      vertex 13.9445 14.4135 62.8
    endloop
  endfacet
  facet normal -0.595772 -0.803154 -0
    outer loop
      vertex 14.0785 14.3141 62.8
      vertex 13.9445 14.4135 54.4
      vertex 14.0785 14.3141 54.4
    endloop
  endfacet
  facet normal -0.998791 0.0491602 5.81571e-20
    outer loop
      vertex 14.6918 12.8334 54.4
      vertex 14.7 13 62.8
      vertex 14.7 13 54.4
    endloop
  endfacet
  facet normal -0.998791 0.0491602 5.81571e-20
    outer loop
      vertex 14.7 13 62.8
      vertex 14.6918 12.8334 54.4
      vertex 14.6918 12.8334 62.8
    endloop
  endfacet
  facet normal 0.242818 -0.970072 0
    outer loop
      vertex 12.5065 14.6268 54.4
      vertex 12.6683 14.6673 62.8
      vertex 12.5065 14.6268 62.8
    endloop
  endfacet
  facet normal 0.242818 -0.970072 0
    outer loop
      vertex 12.6683 14.6673 62.8
      vertex 12.5065 14.6268 54.4
      vertex 12.6683 14.6673 54.4
    endloop
  endfacet
  facet normal 0.803154 -0.595772 -4.86653e-19
    outer loop
      vertex 11.5865 13.9445 62.8
      vertex 11.6859 14.0785 54.4
      vertex 11.6859 14.0785 62.8
    endloop
  endfacet
  facet normal 0.803154 -0.595772 -4.86653e-19
    outer loop
      vertex 11.6859 14.0785 54.4
      vertex 11.5865 13.9445 62.8
      vertex 11.5865 13.9445 54.4
    endloop
  endfacet
  facet normal 0.427442 0.904043 -0
    outer loop
      vertex 12.3494 11.4294 54.4
      vertex 12.1986 11.5007 62.8
      vertex 12.3494 11.4294 62.8
    endloop
  endfacet
  facet normal 0.427442 0.904043 0
    outer loop
      vertex 12.1986 11.5007 62.8
      vertex 12.3494 11.4294 54.4
      vertex 12.1986 11.5007 54.4
    endloop
  endfacet
  facet normal -0.427442 -0.904043 0
    outer loop
      vertex 13.6506 14.5706 54.4
      vertex 13.8014 14.4993 62.8
      vertex 13.6506 14.5706 62.8
    endloop
  endfacet
  facet normal -0.427442 -0.904043 -0
    outer loop
      vertex 13.8014 14.4993 62.8
      vertex 13.6506 14.5706 54.4
      vertex 13.8014 14.4993 54.4
    endloop
  endfacet
  facet normal 0.989168 0.146788 -2.73955e-19
    outer loop
      vertex 11.3327 12.6683 62.8
      vertex 11.3082 12.8334 54.4
      vertex 11.3082 12.8334 62.8
    endloop
  endfacet
  facet normal 0.989168 0.146788 -2.73955e-19
    outer loop
      vertex 11.3082 12.8334 54.4
      vertex 11.3327 12.6683 62.8
      vertex 11.3327 12.6683 54.4
    endloop
  endfacet
  facet normal -0.671478 0.741024 0
    outer loop
      vertex 14.2021 11.7979 54.4
      vertex 14.0785 11.6859 62.8
      vertex 14.2021 11.7979 62.8
    endloop
  endfacet
  facet normal -0.671478 0.741024 0
    outer loop
      vertex 14.0785 11.6859 62.8
      vertex 14.2021 11.7979 54.4
      vertex 14.0785 11.6859 54.4
    endloop
  endfacet
  facet normal 0.427442 -0.904043 0
    outer loop
      vertex 12.1986 14.4993 54.4
      vertex 12.3494 14.5706 62.8
      vertex 12.1986 14.4993 62.8
    endloop
  endfacet
  facet normal 0.427442 -0.904043 0
    outer loop
      vertex 12.3494 14.5706 62.8
      vertex 12.1986 14.4993 54.4
      vertex 12.3494 14.5706 54.4
    endloop
  endfacet
  facet normal -0.970072 0.242818 7.8109e-20
    outer loop
      vertex 14.6268 12.5065 54.4
      vertex 14.6673 12.6683 62.8
      vertex 14.6673 12.6683 54.4
    endloop
  endfacet
  facet normal -0.970072 0.242818 7.8109e-20
    outer loop
      vertex 14.6673 12.6683 62.8
      vertex 14.6268 12.5065 54.4
      vertex 14.6268 12.5065 62.8
    endloop
  endfacet
  facet normal -0.242818 0.970072 0
    outer loop
      vertex 13.4935 11.3732 54.4
      vertex 13.3317 11.3327 62.8
      vertex 13.4935 11.3732 62.8
    endloop
  endfacet
  facet normal -0.242818 0.970072 0
    outer loop
      vertex 13.3317 11.3327 62.8
      vertex 13.4935 11.3732 54.4
      vertex 13.3317 11.3327 54.4
    endloop
  endfacet
  facet normal 0.989168 -0.146788 2.73955e-19
    outer loop
      vertex 11.3082 13.1666 62.8
      vertex 11.3327 13.3317 54.4
      vertex 11.3327 13.3317 62.8
    endloop
  endfacet
  facet normal 0.989168 -0.146788 2.73955e-19
    outer loop
      vertex 11.3327 13.3317 54.4
      vertex 11.3082 13.1666 62.8
      vertex 11.3082 13.1666 54.4
    endloop
  endfacet
  facet normal 0.514231 0.857652 -0
    outer loop
      vertex 12.1986 11.5007 54.4
      vertex 12.0555 11.5865 62.8
      vertex 12.1986 11.5007 62.8
    endloop
  endfacet
  facet normal 0.514231 0.857652 0
    outer loop
      vertex 12.0555 11.5865 62.8
      vertex 12.1986 11.5007 54.4
      vertex 12.0555 11.5865 54.4
    endloop
  endfacet
  facet normal 0.970072 -0.242818 7.8109e-20
    outer loop
      vertex 11.3327 13.3317 62.8
      vertex 11.3732 13.4935 54.4
      vertex 11.3732 13.4935 62.8
    endloop
  endfacet
  facet normal 0.970072 -0.242818 7.8109e-20
    outer loop
      vertex 11.3732 13.4935 54.4
      vertex 11.3327 13.3317 62.8
      vertex 11.3327 13.3317 54.4
    endloop
  endfacet
  facet normal -0.803154 0.595772 -4.86653e-19
    outer loop
      vertex 14.3141 11.9215 54.4
      vertex 14.4135 12.0555 62.8
      vertex 14.4135 12.0555 54.4
    endloop
  endfacet
  facet normal -0.803154 0.595772 -4.86653e-19
    outer loop
      vertex 14.4135 12.0555 62.8
      vertex 14.3141 11.9215 54.4
      vertex 14.3141 11.9215 62.8
    endloop
  endfacet
  facet normal 0.595772 0.803154 -0
    outer loop
      vertex 12.0555 11.5865 54.4
      vertex 11.9215 11.6859 62.8
      vertex 12.0555 11.5865 62.8
    endloop
  endfacet
  facet normal 0.595772 0.803154 0
    outer loop
      vertex 11.9215 11.6859 62.8
      vertex 12.0555 11.5865 54.4
      vertex 11.9215 11.6859 54.4
    endloop
  endfacet
  facet normal 0.33683 0.941566 -0
    outer loop
      vertex 12.5065 11.3732 54.4
      vertex 12.3494 11.4294 62.8
      vertex 12.5065 11.3732 62.8
    endloop
  endfacet
  facet normal 0.33683 0.941566 0
    outer loop
      vertex 12.3494 11.4294 62.8
      vertex 12.5065 11.3732 54.4
      vertex 12.3494 11.4294 54.4
    endloop
  endfacet
  facet normal -0.33683 -0.941566 0
    outer loop
      vertex 13.4935 14.6268 54.4
      vertex 13.6506 14.5706 62.8
      vertex 13.4935 14.6268 62.8
    endloop
  endfacet
  facet normal -0.33683 -0.941566 -0
    outer loop
      vertex 13.6506 14.5706 62.8
      vertex 13.4935 14.6268 54.4
      vertex 13.6506 14.5706 54.4
    endloop
  endfacet
  facet normal 0.741024 0.671478 -4.94902e-19
    outer loop
      vertex 11.7979 11.7979 62.8
      vertex 11.6859 11.9215 54.4
      vertex 11.6859 11.9215 62.8
    endloop
  endfacet
  facet normal 0.741024 0.671478 -4.94902e-19
    outer loop
      vertex 11.6859 11.9215 54.4
      vertex 11.7979 11.7979 62.8
      vertex 11.7979 11.7979 54.4
    endloop
  endfacet
  facet normal -0.514231 -0.857652 0
    outer loop
      vertex 13.8014 14.4993 54.4
      vertex 13.9445 14.4135 62.8
      vertex 13.8014 14.4993 62.8
    endloop
  endfacet
  facet normal -0.514231 -0.857652 -0
    outer loop
      vertex 13.9445 14.4135 62.8
      vertex 13.8014 14.4993 54.4
      vertex 13.9445 14.4135 54.4
    endloop
  endfacet
  facet normal 0.33683 -0.941566 0
    outer loop
      vertex 12.3494 14.5706 54.4
      vertex 12.5065 14.6268 62.8
      vertex 12.3494 14.5706 62.8
    endloop
  endfacet
  facet normal 0.33683 -0.941566 0
    outer loop
      vertex 12.5065 14.6268 62.8
      vertex 12.3494 14.5706 54.4
      vertex 12.5065 14.6268 54.4
    endloop
  endfacet
  facet normal 0.904043 0.427442 4.73326e-19
    outer loop
      vertex 11.5007 12.1986 62.8
      vertex 11.4294 12.3494 54.4
      vertex 11.4294 12.3494 62.8
    endloop
  endfacet
  facet normal 0.904043 0.427442 4.73326e-19
    outer loop
      vertex 11.4294 12.3494 54.4
      vertex 11.5007 12.1986 62.8
      vertex 11.5007 12.1986 54.4
    endloop
  endfacet
  facet normal 0.941566 0.33683 2.22818e-19
    outer loop
      vertex 11.4294 12.3494 62.8
      vertex 11.3732 12.5065 54.4
      vertex 11.3732 12.5065 62.8
    endloop
  endfacet
  facet normal 0.941566 0.33683 2.22818e-19
    outer loop
      vertex 11.3732 12.5065 54.4
      vertex 11.4294 12.3494 62.8
      vertex 11.4294 12.3494 54.4
    endloop
  endfacet
  facet normal -0.904043 -0.427442 4.73326e-19
    outer loop
      vertex 14.5706 13.6506 54.4
      vertex 14.4993 13.8014 62.8
      vertex 14.4993 13.8014 54.4
    endloop
  endfacet
  facet normal -0.904043 -0.427442 4.73326e-19
    outer loop
      vertex 14.4993 13.8014 62.8
      vertex 14.5706 13.6506 54.4
      vertex 14.5706 13.6506 62.8
    endloop
  endfacet
  facet normal 0.970072 0.242818 -7.8109e-20
    outer loop
      vertex 11.3732 12.5065 62.8
      vertex 11.3327 12.6683 54.4
      vertex 11.3327 12.6683 62.8
    endloop
  endfacet
  facet normal 0.970072 0.242818 -7.8109e-20
    outer loop
      vertex 11.3327 12.6683 54.4
      vertex 11.3732 12.5065 62.8
      vertex 11.3732 12.5065 54.4
    endloop
  endfacet
  facet normal 0.595772 -0.803154 0
    outer loop
      vertex 11.9215 14.3141 54.4
      vertex 12.0555 14.4135 62.8
      vertex 11.9215 14.3141 62.8
    endloop
  endfacet
  facet normal 0.595772 -0.803154 0
    outer loop
      vertex 12.0555 14.4135 62.8
      vertex 11.9215 14.3141 54.4
      vertex 12.0555 14.4135 54.4
    endloop
  endfacet
  facet normal 0.146788 0.989168 -0
    outer loop
      vertex 12.8334 11.3082 54.4
      vertex 12.6683 11.3327 62.8
      vertex 12.8334 11.3082 62.8
    endloop
  endfacet
  facet normal 0.146788 0.989168 0
    outer loop
      vertex 12.6683 11.3327 62.8
      vertex 12.8334 11.3082 54.4
      vertex 12.6683 11.3327 54.4
    endloop
  endfacet
  facet normal -0.741024 0.671478 4.94902e-19
    outer loop
      vertex 14.2021 11.7979 54.4
      vertex 14.3141 11.9215 62.8
      vertex 14.3141 11.9215 54.4
    endloop
  endfacet
  facet normal -0.741024 0.671478 4.94902e-19
    outer loop
      vertex 14.3141 11.9215 62.8
      vertex 14.2021 11.7979 54.4
      vertex 14.2021 11.7979 62.8
    endloop
  endfacet
  facet normal -0.146788 0.989168 0
    outer loop
      vertex 13.3317 11.3327 54.4
      vertex 13.1666 11.3082 62.8
      vertex 13.3317 11.3327 62.8
    endloop
  endfacet
  facet normal -0.146788 0.989168 0
    outer loop
      vertex 13.1666 11.3082 62.8
      vertex 13.3317 11.3327 54.4
      vertex 13.1666 11.3082 54.4
    endloop
  endfacet
  facet normal 0.514231 -0.857652 0
    outer loop
      vertex 12.0555 14.4135 54.4
      vertex 12.1986 14.4993 62.8
      vertex 12.0555 14.4135 62.8
    endloop
  endfacet
  facet normal 0.514231 -0.857652 0
    outer loop
      vertex 12.1986 14.4993 62.8
      vertex 12.0555 14.4135 54.4
      vertex 12.1986 14.4993 54.4
    endloop
  endfacet
  facet normal -0.0491602 -0.998791 0
    outer loop
      vertex 13 14.7 54.4
      vertex 13.1666 14.6918 62.8
      vertex 13 14.7 62.8
    endloop
  endfacet
  facet normal -0.0491602 -0.998791 -0
    outer loop
      vertex 13.1666 14.6918 62.8
      vertex 13 14.7 54.4
      vertex 13.1666 14.6918 54.4
    endloop
  endfacet
  facet normal 0.857652 0.514231 -3.2429e-19
    outer loop
      vertex 11.5865 12.0555 62.8
      vertex 11.5007 12.1986 54.4
      vertex 11.5007 12.1986 62.8
    endloop
  endfacet
  facet normal 0.857652 0.514231 -3.2429e-19
    outer loop
      vertex 11.5007 12.1986 54.4
      vertex 11.5865 12.0555 62.8
      vertex 11.5865 12.0555 54.4
    endloop
  endfacet
  facet normal -0.941566 -0.33683 2.22818e-19
    outer loop
      vertex 14.6268 13.4935 54.4
      vertex 14.5706 13.6506 62.8
      vertex 14.5706 13.6506 54.4
    endloop
  endfacet
  facet normal -0.941566 -0.33683 2.22818e-19
    outer loop
      vertex 14.5706 13.6506 62.8
      vertex 14.6268 13.4935 54.4
      vertex 14.6268 13.4935 62.8
    endloop
  endfacet
  facet normal -0.242818 -0.970072 0
    outer loop
      vertex 13.3317 14.6673 54.4
      vertex 13.4935 14.6268 62.8
      vertex 13.3317 14.6673 62.8
    endloop
  endfacet
  facet normal -0.242818 -0.970072 -0
    outer loop
      vertex 13.4935 14.6268 62.8
      vertex 13.3317 14.6673 54.4
      vertex 13.4935 14.6268 54.4
    endloop
  endfacet
  facet normal 0.941566 -0.33683 -2.22818e-19
    outer loop
      vertex 11.3732 13.4935 62.8
      vertex 11.4294 13.6506 54.4
      vertex 11.4294 13.6506 62.8
    endloop
  endfacet
  facet normal 0.941566 -0.33683 -2.22818e-19
    outer loop
      vertex 11.4294 13.6506 54.4
      vertex 11.3732 13.4935 62.8
      vertex 11.3732 13.4935 54.4
    endloop
  endfacet
  facet normal -0.671478 -0.741024 0
    outer loop
      vertex 14.0785 14.3141 54.4
      vertex 14.2021 14.2021 62.8
      vertex 14.0785 14.3141 62.8
    endloop
  endfacet
  facet normal -0.671478 -0.741024 -0
    outer loop
      vertex 14.2021 14.2021 62.8
      vertex 14.0785 14.3141 54.4
      vertex 14.2021 14.2021 54.4
    endloop
  endfacet
  facet normal 0.0491602 -0.998791 0
    outer loop
      vertex 12.8334 14.6918 54.4
      vertex 13 14.7 62.8
      vertex 12.8334 14.6918 62.8
    endloop
  endfacet
  facet normal 0.0491602 -0.998791 0
    outer loop
      vertex 13 14.7 62.8
      vertex 12.8334 14.6918 54.4
      vertex 13 14.7 54.4
    endloop
  endfacet
  facet normal -0.427442 0.904043 0
    outer loop
      vertex 13.8014 11.5007 54.4
      vertex 13.6506 11.4294 62.8
      vertex 13.8014 11.5007 62.8
    endloop
  endfacet
  facet normal -0.427442 0.904043 0
    outer loop
      vertex 13.6506 11.4294 62.8
      vertex 13.8014 11.5007 54.4
      vertex 13.6506 11.4294 54.4
    endloop
  endfacet
  facet normal -0.989168 0.146788 2.73955e-19
    outer loop
      vertex 14.6673 12.6683 54.4
      vertex 14.6918 12.8334 62.8
      vertex 14.6918 12.8334 54.4
    endloop
  endfacet
  facet normal -0.989168 0.146788 2.73955e-19
    outer loop
      vertex 14.6918 12.8334 62.8
      vertex 14.6673 12.6683 54.4
      vertex 14.6673 12.6683 62.8
    endloop
  endfacet
  facet normal -0.857652 -0.514231 -3.2429e-19
    outer loop
      vertex 14.4993 13.8014 54.4
      vertex 14.4135 13.9445 62.8
      vertex 14.4135 13.9445 54.4
    endloop
  endfacet
  facet normal -0.857652 -0.514231 -3.2429e-19
    outer loop
      vertex 14.4135 13.9445 62.8
      vertex 14.4993 13.8014 54.4
      vertex 14.4993 13.8014 62.8
    endloop
  endfacet
  facet normal 0.0491602 0.998791 -0
    outer loop
      vertex 13 11.3 54.4
      vertex 12.8334 11.3082 62.8
      vertex 13 11.3 62.8
    endloop
  endfacet
  facet normal 0.0491602 0.998791 0
    outer loop
      vertex 12.8334 11.3082 62.8
      vertex 13 11.3 54.4
      vertex 12.8334 11.3082 54.4
    endloop
  endfacet
  facet normal 0.671478 -0.741024 0
    outer loop
      vertex 11.7979 14.2021 54.4
      vertex 11.9215 14.3141 62.8
      vertex 11.7979 14.2021 62.8
    endloop
  endfacet
  facet normal 0.671478 -0.741024 0
    outer loop
      vertex 11.9215 14.3141 62.8
      vertex 11.7979 14.2021 54.4
      vertex 11.9215 14.3141 54.4
    endloop
  endfacet
  facet normal 0.741024 -0.671478 4.94902e-19
    outer loop
      vertex 11.6859 14.0785 62.8
      vertex 11.7979 14.2021 54.4
      vertex 11.7979 14.2021 62.8
    endloop
  endfacet
  facet normal 0.741024 -0.671478 4.94902e-19
    outer loop
      vertex 11.7979 14.2021 54.4
      vertex 11.6859 14.0785 62.8
      vertex 11.6859 14.0785 54.4
    endloop
  endfacet
  facet normal -0.904043 0.427442 -4.73326e-19
    outer loop
      vertex 14.4993 12.1986 54.4
      vertex 14.5706 12.3494 62.8
      vertex 14.5706 12.3494 54.4
    endloop
  endfacet
  facet normal -0.904043 0.427442 -4.73326e-19
    outer loop
      vertex 14.5706 12.3494 62.8
      vertex 14.4993 12.1986 54.4
      vertex 14.4993 12.1986 62.8
    endloop
  endfacet
  facet normal -0.0491602 0.998791 0
    outer loop
      vertex 13.1666 11.3082 54.4
      vertex 13 11.3 62.8
      vertex 13.1666 11.3082 62.8
    endloop
  endfacet
  facet normal -0.0491602 0.998791 0
    outer loop
      vertex 13 11.3 62.8
      vertex 13.1666 11.3082 54.4
      vertex 13 11.3 54.4
    endloop
  endfacet
  facet normal 0.671478 0.741024 -0
    outer loop
      vertex 11.9215 11.6859 54.4
      vertex 11.7979 11.7979 62.8
      vertex 11.9215 11.6859 62.8
    endloop
  endfacet
  facet normal 0.671478 0.741024 0
    outer loop
      vertex 11.7979 11.7979 62.8
      vertex 11.9215 11.6859 54.4
      vertex 11.7979 11.7979 54.4
    endloop
  endfacet
  facet normal -0.941566 0.33683 -2.22818e-19
    outer loop
      vertex 14.5706 12.3494 54.4
      vertex 14.6268 12.5065 62.8
      vertex 14.6268 12.5065 54.4
    endloop
  endfacet
  facet normal -0.941566 0.33683 -2.22818e-19
    outer loop
      vertex 14.6268 12.5065 62.8
      vertex 14.5706 12.3494 54.4
      vertex 14.5706 12.3494 62.8
    endloop
  endfacet
  facet normal -0.741024 -0.671478 -4.94902e-19
    outer loop
      vertex 14.3141 14.0785 54.4
      vertex 14.2021 14.2021 62.8
      vertex 14.2021 14.2021 54.4
    endloop
  endfacet
  facet normal -0.741024 -0.671478 -4.94902e-19
    outer loop
      vertex 14.2021 14.2021 62.8
      vertex 14.3141 14.0785 54.4
      vertex 14.3141 14.0785 62.8
    endloop
  endfacet
  facet normal 0.242818 0.970072 -0
    outer loop
      vertex 12.6683 11.3327 54.4
      vertex 12.5065 11.3732 62.8
      vertex 12.6683 11.3327 62.8
    endloop
  endfacet
  facet normal 0.242818 0.970072 0
    outer loop
      vertex 12.5065 11.3732 62.8
      vertex 12.6683 11.3327 54.4
      vertex 12.5065 11.3732 54.4
    endloop
  endfacet
  facet normal -0.595772 0.803154 0
    outer loop
      vertex 14.0785 11.6859 54.4
      vertex 13.9445 11.5865 62.8
      vertex 14.0785 11.6859 62.8
    endloop
  endfacet
  facet normal -0.595772 0.803154 0
    outer loop
      vertex 13.9445 11.5865 62.8
      vertex 14.0785 11.6859 54.4
      vertex 13.9445 11.5865 54.4
    endloop
  endfacet
  facet normal -0.857652 0.514231 3.2429e-19
    outer loop
      vertex 14.4135 12.0555 54.4
      vertex 14.4993 12.1986 62.8
      vertex 14.4993 12.1986 54.4
    endloop
  endfacet
  facet normal -0.857652 0.514231 3.2429e-19
    outer loop
      vertex 14.4993 12.1986 62.8
      vertex 14.4135 12.0555 54.4
      vertex 14.4135 12.0555 62.8
    endloop
  endfacet
  facet normal 0.803154 0.595772 4.86653e-19
    outer loop
      vertex 11.6859 11.9215 62.8
      vertex 11.5865 12.0555 54.4
      vertex 11.5865 12.0555 62.8
    endloop
  endfacet
  facet normal 0.803154 0.595772 4.86653e-19
    outer loop
      vertex 11.5865 12.0555 54.4
      vertex 11.6859 11.9215 62.8
      vertex 11.6859 11.9215 54.4
    endloop
  endfacet
  facet normal 0.857652 -0.514231 3.2429e-19
    outer loop
      vertex 11.5007 13.8014 62.8
      vertex 11.5865 13.9445 54.4
      vertex 11.5865 13.9445 62.8
    endloop
  endfacet
  facet normal 0.857652 -0.514231 3.2429e-19
    outer loop
      vertex 11.5865 13.9445 54.4
      vertex 11.5007 13.8014 62.8
      vertex 11.5007 13.8014 54.4
    endloop
  endfacet
  facet normal -0.33683 0.941566 0
    outer loop
      vertex 13.6506 11.4294 54.4
      vertex 13.4935 11.3732 62.8
      vertex 13.6506 11.4294 62.8
    endloop
  endfacet
  facet normal -0.33683 0.941566 0
    outer loop
      vertex 13.4935 11.3732 62.8
      vertex 13.6506 11.4294 54.4
      vertex 13.4935 11.3732 54.4
    endloop
  endfacet
  facet normal 0.998791 -0.0491602 5.81571e-20
    outer loop
      vertex 11.3 13 62.8
      vertex 11.3082 13.1666 54.4
      vertex 11.3082 13.1666 62.8
    endloop
  endfacet
  facet normal 0.998791 -0.0491602 5.81571e-20
    outer loop
      vertex 11.3082 13.1666 54.4
      vertex 11.3 13 62.8
      vertex 11.3 13 54.4
    endloop
  endfacet
  facet normal 0.998791 0.0491602 -5.81571e-20
    outer loop
      vertex 11.3082 12.8334 62.8
      vertex 11.3 13 54.4
      vertex 11.3 13 62.8
    endloop
  endfacet
  facet normal 0.998791 0.0491602 -5.81571e-20
    outer loop
      vertex 11.3 13 54.4
      vertex 11.3082 12.8334 62.8
      vertex 11.3082 12.8334 54.4
    endloop
  endfacet
  facet normal 0.427442 0.904043 -0
    outer loop
      vertex 12.3494 44.2294 54.4
      vertex 12.1986 44.3007 62.8
      vertex 12.3494 44.2294 62.8
    endloop
  endfacet
  facet normal 0.427442 0.904043 0
    outer loop
      vertex 12.1986 44.3007 62.8
      vertex 12.3494 44.2294 54.4
      vertex 12.1986 44.3007 54.4
    endloop
  endfacet
  facet normal -0.989168 -0.146788 1.33275e-19
    outer loop
      vertex 14.6918 45.9666 54.8
      vertex 14.6673 46.1317 62.8
      vertex 14.6673 46.1317 54.8
    endloop
  endfacet
  facet normal -0.989168 -0.146788 1.33275e-19
    outer loop
      vertex 14.6673 46.1317 62.8
      vertex 14.6918 45.9666 54.8
      vertex 14.6918 45.9666 62.8
    endloop
  endfacet
  facet normal -0.998791 -0.0491602 7.30939e-20
    outer loop
      vertex 14.7 45.8 54.8
      vertex 14.6918 45.9666 62.8
      vertex 14.6918 45.9666 54.8
    endloop
  endfacet
  facet normal -0.998791 -0.0491602 7.30939e-20
    outer loop
      vertex 14.6918 45.9666 62.8
      vertex 14.7 45.8 54.8
      vertex 14.7 45.8 62.8
    endloop
  endfacet
  facet normal -0.970072 -0.242818 -8.20145e-20
    outer loop
      vertex 14.6673 46.1317 54.8
      vertex 14.6268 46.2935 62.8
      vertex 14.6268 46.2935 54.8
    endloop
  endfacet
  facet normal -0.970072 -0.242818 -8.20145e-20
    outer loop
      vertex 14.6268 46.2935 62.8
      vertex 14.6673 46.1317 54.8
      vertex 14.6673 46.1317 62.8
    endloop
  endfacet
  facet normal -0.427442 0.904043 0
    outer loop
      vertex 13.8014 44.3007 54.4
      vertex 13.6506 44.2294 62.8
      vertex 13.8014 44.3007 62.8
    endloop
  endfacet
  facet normal -0.427442 0.904043 0
    outer loop
      vertex 13.6506 44.2294 62.8
      vertex 13.8014 44.3007 54.4
      vertex 13.6506 44.2294 54.4
    endloop
  endfacet
  facet normal 0.0491602 -0.998791 0
    outer loop
      vertex 12.8334 47.4918 54.4
      vertex 13 47.5 62.8
      vertex 12.8334 47.4918 62.8
    endloop
  endfacet
  facet normal 0.0491602 -0.998791 0
    outer loop
      vertex 13 47.5 62.8
      vertex 12.8334 47.4918 54.4
      vertex 13 47.5 54.4
    endloop
  endfacet
  facet normal 0.989168 -0.146788 -1.33275e-19
    outer loop
      vertex 11.3082 45.9666 62.8
      vertex 11.3327 46.1317 54.8
      vertex 11.3327 46.1317 62.8
    endloop
  endfacet
  facet normal 0.989168 -0.146788 -1.33275e-19
    outer loop
      vertex 11.3327 46.1317 54.8
      vertex 11.3082 45.9666 62.8
      vertex 11.3082 45.9666 54.8
    endloop
  endfacet
  facet normal 0.146788 0.989168 -0
    outer loop
      vertex 12.8334 44.1082 54.4
      vertex 12.6683 44.1327 62.8
      vertex 12.8334 44.1082 62.8
    endloop
  endfacet
  facet normal 0.146788 0.989168 0
    outer loop
      vertex 12.6683 44.1327 62.8
      vertex 12.8334 44.1082 54.4
      vertex 12.6683 44.1327 54.4
    endloop
  endfacet
  facet normal -0.427442 -0.904043 0
    outer loop
      vertex 13.6506 47.3706 54.4
      vertex 13.8014 47.2993 62.8
      vertex 13.6506 47.3706 62.8
    endloop
  endfacet
  facet normal -0.427442 -0.904043 -0
    outer loop
      vertex 13.8014 47.2993 62.8
      vertex 13.6506 47.3706 54.4
      vertex 13.8014 47.2993 54.4
    endloop
  endfacet
  facet normal 0.146788 -0.989168 0
    outer loop
      vertex 12.6683 47.4673 54.4
      vertex 12.8334 47.4918 62.8
      vertex 12.6683 47.4673 62.8
    endloop
  endfacet
  facet normal 0.146788 -0.989168 0
    outer loop
      vertex 12.8334 47.4918 62.8
      vertex 12.6683 47.4673 54.4
      vertex 12.8334 47.4918 54.4
    endloop
  endfacet
  facet normal 0.242818 0.970072 -0
    outer loop
      vertex 12.6683 44.1327 54.4
      vertex 12.5065 44.1732 62.8
      vertex 12.6683 44.1327 62.8
    endloop
  endfacet
  facet normal 0.242818 0.970072 0
    outer loop
      vertex 12.5065 44.1732 62.8
      vertex 12.6683 44.1327 54.4
      vertex 12.5065 44.1732 54.4
    endloop
  endfacet
  facet normal 0.595772 -0.803154 0
    outer loop
      vertex 11.9215 47.1141 54.4
      vertex 12.0555 47.2135 62.8
      vertex 11.9215 47.1141 62.8
    endloop
  endfacet
  facet normal 0.595772 -0.803154 0
    outer loop
      vertex 12.0555 47.2135 62.8
      vertex 11.9215 47.1141 54.4
      vertex 12.0555 47.2135 54.4
    endloop
  endfacet
  facet normal 0.904043 -0.427442 -5.11552e-19
    outer loop
      vertex 11.4294 46.4506 62.8
      vertex 11.5007 46.6014 54.8
      vertex 11.5007 46.6014 62.8
    endloop
  endfacet
  facet normal 0.904043 -0.427442 -5.11552e-19
    outer loop
      vertex 11.5007 46.6014 54.8
      vertex 11.4294 46.4506 62.8
      vertex 11.4294 46.4506 54.8
    endloop
  endfacet
  facet normal -0.146788 0.989168 0
    outer loop
      vertex 13.3317 44.1327 54.4
      vertex 13.1666 44.1082 62.8
      vertex 13.3317 44.1327 62.8
    endloop
  endfacet
  facet normal -0.146788 0.989168 0
    outer loop
      vertex 13.1666 44.1082 62.8
      vertex 13.3317 44.1327 54.4
      vertex 13.1666 44.1082 54.4
    endloop
  endfacet
  facet normal 0.595772 0.803154 -5.99368e-08
    outer loop
      vertex 12.0555 44.3865 62.8
      vertex 12.0373 44.4 54.8
      vertex 11.9215 44.4859 62.8
    endloop
  endfacet
  facet normal 0.595755 0.803166 -0
    outer loop
      vertex 12.0555 44.3865 54.4
      vertex 12.0373 44.4 54.8
      vertex 12.0555 44.3865 62.8
    endloop
  endfacet
  facet normal 0.595755 0.803166 0
    outer loop
      vertex 12.0373 44.4 54.8
      vertex 12.0555 44.3865 54.4
      vertex 12.0373 44.4 54.4
    endloop
  endfacet
  facet normal 0.595775 0.803152 0
    outer loop
      vertex 11.9215 44.4859 62.8
      vertex 12.0373 44.4 54.8
      vertex 11.9215 44.4859 54.8
    endloop
  endfacet
  facet normal 0.904043 0.427442 5.11552e-19
    outer loop
      vertex 11.5007 44.9986 62.8
      vertex 11.4294 45.1494 54.8
      vertex 11.4294 45.1494 62.8
    endloop
  endfacet
  facet normal 0.904043 0.427442 5.11552e-19
    outer loop
      vertex 11.4294 45.1494 54.8
      vertex 11.5007 44.9986 62.8
      vertex 11.5007 44.9986 54.8
    endloop
  endfacet
  facet normal -0.514231 -0.857652 0
    outer loop
      vertex 13.8014 47.2993 54.4
      vertex 13.9445 47.2135 62.8
      vertex 13.8014 47.2993 62.8
    endloop
  endfacet
  facet normal -0.514231 -0.857652 -0
    outer loop
      vertex 13.9445 47.2135 62.8
      vertex 13.8014 47.2993 54.4
      vertex 13.9445 47.2135 54.4
    endloop
  endfacet
  facet normal -0.595772 0.803154 0
    outer loop
      vertex 14.0785 44.4859 54.8
      vertex 13.9445 44.3865 62.8
      vertex 14.0785 44.4859 62.8
    endloop
  endfacet
  facet normal -0.595775 0.803152 -6.93568e-08
    outer loop
      vertex 13.9627 44.4 54.8
      vertex 13.9445 44.3865 62.8
      vertex 14.0785 44.4859 54.8
    endloop
  endfacet
  facet normal -0.595755 0.803166 2.27716e-18
    outer loop
      vertex 13.9445 44.3865 54.4
      vertex 13.9627 44.4 54.8
      vertex 13.9627 44.4 54.4
    endloop
  endfacet
  facet normal -0.595755 0.803166 1.08436e-19
    outer loop
      vertex 13.9627 44.4 54.8
      vertex 13.9445 44.3865 54.4
      vertex 13.9445 44.3865 62.8
    endloop
  endfacet
  facet normal -0.0491602 -0.998791 0
    outer loop
      vertex 13 47.5 54.4
      vertex 13.1666 47.4918 62.8
      vertex 13 47.5 62.8
    endloop
  endfacet
  facet normal -0.0491602 -0.998791 -0
    outer loop
      vertex 13.1666 47.4918 62.8
      vertex 13 47.5 54.4
      vertex 13.1666 47.4918 54.4
    endloop
  endfacet
  facet normal 0.998791 0.0491602 2.39543e-20
    outer loop
      vertex 11.3082 45.6334 62.8
      vertex 11.3 45.8 54.8
      vertex 11.3 45.8 62.8
    endloop
  endfacet
  facet normal 0.998791 0.0491602 2.39543e-20
    outer loop
      vertex 11.3 45.8 54.8
      vertex 11.3082 45.6334 62.8
      vertex 11.3082 45.6334 54.8
    endloop
  endfacet
  facet normal -0.595772 -0.803154 0
    outer loop
      vertex 13.9445 47.2135 54.4
      vertex 14.0785 47.1141 62.8
      vertex 13.9445 47.2135 62.8
    endloop
  endfacet
  facet normal -0.595772 -0.803154 -0
    outer loop
      vertex 14.0785 47.1141 62.8
      vertex 13.9445 47.2135 54.4
      vertex 14.0785 47.1141 54.4
    endloop
  endfacet
  facet normal -0.970072 0.242818 8.20145e-20
    outer loop
      vertex 14.6268 45.3065 54.8
      vertex 14.6673 45.4683 62.8
      vertex 14.6673 45.4683 54.8
    endloop
  endfacet
  facet normal -0.970072 0.242818 8.20145e-20
    outer loop
      vertex 14.6673 45.4683 62.8
      vertex 14.6268 45.3065 54.8
      vertex 14.6268 45.3065 62.8
    endloop
  endfacet
  facet normal -0.741024 -0.671478 -2.93664e-20
    outer loop
      vertex 14.3141 46.8785 54.4
      vertex 14.2021 47.0021 62.8
      vertex 14.2021 47.0021 54.4
    endloop
  endfacet
  facet normal -0.741024 -0.671478 -2.93664e-20
    outer loop
      vertex 14.2021 47.0021 62.8
      vertex 14.3141 46.8785 54.4
      vertex 14.3141 46.8785 62.8
    endloop
  endfacet
  facet normal 0.941566 0.33683 -3.52427e-19
    outer loop
      vertex 11.4294 45.1494 62.8
      vertex 11.3732 45.3065 54.8
      vertex 11.3732 45.3065 62.8
    endloop
  endfacet
  facet normal 0.941566 0.33683 -3.52427e-19
    outer loop
      vertex 11.3732 45.3065 54.8
      vertex 11.4294 45.1494 62.8
      vertex 11.4294 45.1494 54.8
    endloop
  endfacet
  facet normal -0.242818 -0.970072 0
    outer loop
      vertex 13.3317 47.4673 54.4
      vertex 13.4935 47.4268 62.8
      vertex 13.3317 47.4673 62.8
    endloop
  endfacet
  facet normal -0.242818 -0.970072 -0
    outer loop
      vertex 13.4935 47.4268 62.8
      vertex 13.3317 47.4673 54.4
      vertex 13.4935 47.4268 54.4
    endloop
  endfacet
  facet normal 0.741024 -0.671478 2.93664e-20
    outer loop
      vertex 11.6859 46.8785 62.8
      vertex 11.7979 47.0021 54.4
      vertex 11.7979 47.0021 62.8
    endloop
  endfacet
  facet normal 0.741024 -0.671478 2.93664e-20
    outer loop
      vertex 11.7979 47.0021 54.4
      vertex 11.6859 46.8785 62.8
      vertex 11.6859 46.8785 54.4
    endloop
  endfacet
  facet normal -0.0491602 0.998791 0
    outer loop
      vertex 13.1666 44.1082 54.4
      vertex 13 44.1 62.8
      vertex 13.1666 44.1082 62.8
    endloop
  endfacet
  facet normal -0.0491602 0.998791 0
    outer loop
      vertex 13 44.1 62.8
      vertex 13.1666 44.1082 54.4
      vertex 13 44.1 54.4
    endloop
  endfacet
  facet normal -0.803303 -0.59557 -0
    outer loop
      vertex 14.3723 46.8 54.8
      vertex 14.3141 46.8785 54.4
      vertex 14.3723 46.8 54.4
    endloop
  endfacet
  facet normal -0.803303 -0.59557 0
    outer loop
      vertex 14.3141 46.8785 54.4
      vertex 14.3723 46.8 54.8
      vertex 14.3141 46.8785 62.8
    endloop
  endfacet
  facet normal -0.802942 -0.596058 7.41455e-06
    outer loop
      vertex 14.4135 46.7445 54.8
      vertex 14.3141 46.8785 62.8
      vertex 14.3723 46.8 54.8
    endloop
  endfacet
  facet normal -0.803154 -0.595772 5.10986e-19
    outer loop
      vertex 14.3141 46.8785 62.8
      vertex 14.4135 46.7445 54.8
      vertex 14.4135 46.7445 62.8
    endloop
  endfacet
  facet normal 0.970072 0.242818 -8.20145e-20
    outer loop
      vertex 11.3732 45.3065 62.8
      vertex 11.3327 45.4683 54.8
      vertex 11.3327 45.4683 62.8
    endloop
  endfacet
  facet normal 0.970072 0.242818 -8.20145e-20
    outer loop
      vertex 11.3327 45.4683 54.8
      vertex 11.3732 45.3065 62.8
      vertex 11.3732 45.3065 54.8
    endloop
  endfacet
  facet normal -0.989168 0.146788 -1.33275e-19
    outer loop
      vertex 14.6673 45.4683 54.8
      vertex 14.6918 45.6334 62.8
      vertex 14.6918 45.6334 54.8
    endloop
  endfacet
  facet normal -0.989168 0.146788 -1.33275e-19
    outer loop
      vertex 14.6918 45.6334 62.8
      vertex 14.6673 45.4683 54.8
      vertex 14.6673 45.4683 62.8
    endloop
  endfacet
  facet normal -0.514231 0.857652 0
    outer loop
      vertex 13.9445 44.3865 54.4
      vertex 13.8014 44.3007 62.8
      vertex 13.9445 44.3865 62.8
    endloop
  endfacet
  facet normal -0.514231 0.857652 0
    outer loop
      vertex 13.8014 44.3007 62.8
      vertex 13.9445 44.3865 54.4
      vertex 13.8014 44.3007 54.4
    endloop
  endfacet
  facet normal 0.941566 -0.33683 3.52427e-19
    outer loop
      vertex 11.3732 46.2935 62.8
      vertex 11.4294 46.4506 54.8
      vertex 11.4294 46.4506 62.8
    endloop
  endfacet
  facet normal 0.941566 -0.33683 3.52427e-19
    outer loop
      vertex 11.4294 46.4506 54.8
      vertex 11.3732 46.2935 62.8
      vertex 11.3732 46.2935 54.8
    endloop
  endfacet
  facet normal -0.904043 0.427442 -5.11552e-19
    outer loop
      vertex 14.4993 44.9986 54.8
      vertex 14.5706 45.1494 62.8
      vertex 14.5706 45.1494 54.8
    endloop
  endfacet
  facet normal -0.904043 0.427442 -5.11552e-19
    outer loop
      vertex 14.5706 45.1494 62.8
      vertex 14.4993 44.9986 54.8
      vertex 14.4993 44.9986 62.8
    endloop
  endfacet
  facet normal -0.998791 0.0491602 -2.39543e-20
    outer loop
      vertex 14.6918 45.6334 54.8
      vertex 14.7 45.8 62.8
      vertex 14.7 45.8 54.8
    endloop
  endfacet
  facet normal -0.998791 0.0491602 -2.39543e-20
    outer loop
      vertex 14.7 45.8 62.8
      vertex 14.6918 45.6334 54.8
      vertex 14.6918 45.6334 62.8
    endloop
  endfacet
  facet normal -0.33683 0.941566 0
    outer loop
      vertex 13.6506 44.2294 54.4
      vertex 13.4935 44.1732 62.8
      vertex 13.6506 44.2294 62.8
    endloop
  endfacet
  facet normal -0.33683 0.941566 0
    outer loop
      vertex 13.4935 44.1732 62.8
      vertex 13.6506 44.2294 54.4
      vertex 13.4935 44.1732 54.4
    endloop
  endfacet
  facet normal -0.941566 -0.33683 -3.52427e-19
    outer loop
      vertex 14.6268 46.2935 54.8
      vertex 14.5706 46.4506 62.8
      vertex 14.5706 46.4506 54.8
    endloop
  endfacet
  facet normal -0.941566 -0.33683 -3.52427e-19
    outer loop
      vertex 14.5706 46.4506 62.8
      vertex 14.6268 46.2935 54.8
      vertex 14.6268 46.2935 62.8
    endloop
  endfacet
  facet normal -0.803154 0.595772 -5.10986e-19
    outer loop
      vertex 14.3141 44.7215 54.8
      vertex 14.4135 44.8555 62.8
      vertex 14.4135 44.8555 54.8
    endloop
  endfacet
  facet normal -0.803154 0.595772 -5.10986e-19
    outer loop
      vertex 14.4135 44.8555 62.8
      vertex 14.3141 44.7215 54.8
      vertex 14.3141 44.7215 62.8
    endloop
  endfacet
  facet normal -0.857652 0.514231 -2.54648e-20
    outer loop
      vertex 14.4135 44.8555 54.8
      vertex 14.4993 44.9986 62.8
      vertex 14.4993 44.9986 54.8
    endloop
  endfacet
  facet normal -0.857652 0.514231 -2.54648e-20
    outer loop
      vertex 14.4993 44.9986 62.8
      vertex 14.4135 44.8555 54.8
      vertex 14.4135 44.8555 62.8
    endloop
  endfacet
  facet normal 0.242818 -0.970072 0
    outer loop
      vertex 12.5065 47.4268 54.4
      vertex 12.6683 47.4673 62.8
      vertex 12.5065 47.4268 62.8
    endloop
  endfacet
  facet normal 0.242818 -0.970072 0
    outer loop
      vertex 12.6683 47.4673 62.8
      vertex 12.5065 47.4268 54.4
      vertex 12.6683 47.4673 54.4
    endloop
  endfacet
  facet normal -0.941566 0.33683 3.52427e-19
    outer loop
      vertex 14.5706 45.1494 54.8
      vertex 14.6268 45.3065 62.8
      vertex 14.6268 45.3065 54.8
    endloop
  endfacet
  facet normal -0.941566 0.33683 3.52427e-19
    outer loop
      vertex 14.6268 45.3065 62.8
      vertex 14.5706 45.1494 54.8
      vertex 14.5706 45.1494 62.8
    endloop
  endfacet
  facet normal -0.904043 -0.427442 5.11552e-19
    outer loop
      vertex 14.5706 46.4506 54.8
      vertex 14.4993 46.6014 62.8
      vertex 14.4993 46.6014 54.8
    endloop
  endfacet
  facet normal -0.904043 -0.427442 5.11552e-19
    outer loop
      vertex 14.4993 46.6014 62.8
      vertex 14.5706 46.4506 54.8
      vertex 14.5706 46.4506 62.8
    endloop
  endfacet
  facet normal -0.146788 -0.989168 0
    outer loop
      vertex 13.1666 47.4918 54.4
      vertex 13.3317 47.4673 62.8
      vertex 13.1666 47.4918 62.8
    endloop
  endfacet
  facet normal -0.146788 -0.989168 -0
    outer loop
      vertex 13.3317 47.4673 62.8
      vertex 13.1666 47.4918 54.4
      vertex 13.3317 47.4673 54.4
    endloop
  endfacet
  facet normal 0.857652 0.514231 2.54648e-20
    outer loop
      vertex 11.5865 44.8555 62.8
      vertex 11.5007 44.9986 54.8
      vertex 11.5007 44.9986 62.8
    endloop
  endfacet
  facet normal 0.857652 0.514231 2.54648e-20
    outer loop
      vertex 11.5007 44.9986 54.8
      vertex 11.5865 44.8555 62.8
      vertex 11.5865 44.8555 54.8
    endloop
  endfacet
  facet normal -0.857652 -0.514231 2.54648e-20
    outer loop
      vertex 14.4993 46.6014 54.8
      vertex 14.4135 46.7445 62.8
      vertex 14.4135 46.7445 54.8
    endloop
  endfacet
  facet normal -0.857652 -0.514231 2.54648e-20
    outer loop
      vertex 14.4135 46.7445 62.8
      vertex 14.4993 46.6014 54.8
      vertex 14.4993 46.6014 62.8
    endloop
  endfacet
  facet normal 0.33683 -0.941566 0
    outer loop
      vertex 12.3494 47.3706 54.4
      vertex 12.5065 47.4268 62.8
      vertex 12.3494 47.3706 62.8
    endloop
  endfacet
  facet normal 0.33683 -0.941566 0
    outer loop
      vertex 12.5065 47.4268 62.8
      vertex 12.3494 47.3706 54.4
      vertex 12.5065 47.4268 54.4
    endloop
  endfacet
  facet normal 0.741024 0.671478 -3.08347e-20
    outer loop
      vertex 11.7979 44.5979 62.8
      vertex 11.6859 44.7215 54.8
      vertex 11.6859 44.7215 62.8
    endloop
  endfacet
  facet normal 0.741024 0.671478 -3.08347e-20
    outer loop
      vertex 11.6859 44.7215 54.8
      vertex 11.7979 44.5979 62.8
      vertex 11.7979 44.5979 54.8
    endloop
  endfacet
  facet normal 0.671478 -0.741024 0
    outer loop
      vertex 11.7979 47.0021 54.4
      vertex 11.9215 47.1141 62.8
      vertex 11.7979 47.0021 62.8
    endloop
  endfacet
  facet normal 0.671478 -0.741024 0
    outer loop
      vertex 11.9215 47.1141 62.8
      vertex 11.7979 47.0021 54.4
      vertex 11.9215 47.1141 54.4
    endloop
  endfacet
  facet normal -0.242818 0.970072 0
    outer loop
      vertex 13.4935 44.1732 54.4
      vertex 13.3317 44.1327 62.8
      vertex 13.4935 44.1732 62.8
    endloop
  endfacet
  facet normal -0.242818 0.970072 0
    outer loop
      vertex 13.3317 44.1327 62.8
      vertex 13.4935 44.1732 54.4
      vertex 13.3317 44.1327 54.4
    endloop
  endfacet
  facet normal 0.514231 -0.857652 0
    outer loop
      vertex 12.0555 47.2135 54.4
      vertex 12.1986 47.2993 62.8
      vertex 12.0555 47.2135 62.8
    endloop
  endfacet
  facet normal 0.514231 -0.857652 0
    outer loop
      vertex 12.1986 47.2993 62.8
      vertex 12.0555 47.2135 54.4
      vertex 12.1986 47.2993 54.4
    endloop
  endfacet
  facet normal 0.427442 -0.904043 0
    outer loop
      vertex 12.1986 47.2993 54.4
      vertex 12.3494 47.3706 62.8
      vertex 12.1986 47.2993 62.8
    endloop
  endfacet
  facet normal 0.427442 -0.904043 0
    outer loop
      vertex 12.3494 47.3706 62.8
      vertex 12.1986 47.2993 54.4
      vertex 12.3494 47.3706 54.4
    endloop
  endfacet
  facet normal 0.514231 0.857652 -0
    outer loop
      vertex 12.1986 44.3007 54.4
      vertex 12.0555 44.3865 62.8
      vertex 12.1986 44.3007 62.8
    endloop
  endfacet
  facet normal 0.514231 0.857652 0
    outer loop
      vertex 12.0555 44.3865 62.8
      vertex 12.1986 44.3007 54.4
      vertex 12.0555 44.3865 54.4
    endloop
  endfacet
  facet normal -0.671478 -0.741024 0
    outer loop
      vertex 14.0785 47.1141 54.4
      vertex 14.2021 47.0021 62.8
      vertex 14.0785 47.1141 62.8
    endloop
  endfacet
  facet normal -0.671478 -0.741024 -0
    outer loop
      vertex 14.2021 47.0021 62.8
      vertex 14.0785 47.1141 54.4
      vertex 14.2021 47.0021 54.4
    endloop
  endfacet
  facet normal -0.33683 -0.941566 0
    outer loop
      vertex 13.4935 47.4268 54.4
      vertex 13.6506 47.3706 62.8
      vertex 13.4935 47.4268 62.8
    endloop
  endfacet
  facet normal -0.33683 -0.941566 -0
    outer loop
      vertex 13.6506 47.3706 62.8
      vertex 13.4935 47.4268 54.4
      vertex 13.6506 47.3706 54.4
    endloop
  endfacet
  facet normal 0.970072 -0.242818 8.20145e-20
    outer loop
      vertex 11.3327 46.1317 62.8
      vertex 11.3732 46.2935 54.8
      vertex 11.3732 46.2935 62.8
    endloop
  endfacet
  facet normal 0.970072 -0.242818 8.20145e-20
    outer loop
      vertex 11.3732 46.2935 54.8
      vertex 11.3327 46.1317 62.8
      vertex 11.3327 46.1317 54.8
    endloop
  endfacet
  facet normal 0.803154 0.595772 5.10986e-19
    outer loop
      vertex 11.6859 44.7215 62.8
      vertex 11.5865 44.8555 54.8
      vertex 11.5865 44.8555 62.8
    endloop
  endfacet
  facet normal 0.803154 0.595772 5.10986e-19
    outer loop
      vertex 11.5865 44.8555 54.8
      vertex 11.6859 44.7215 62.8
      vertex 11.6859 44.7215 54.8
    endloop
  endfacet
  facet normal 0.989168 0.146788 1.33275e-19
    outer loop
      vertex 11.3327 45.4683 62.8
      vertex 11.3082 45.6334 54.8
      vertex 11.3082 45.6334 62.8
    endloop
  endfacet
  facet normal 0.989168 0.146788 1.33275e-19
    outer loop
      vertex 11.3082 45.6334 54.8
      vertex 11.3327 45.4683 62.8
      vertex 11.3327 45.4683 54.8
    endloop
  endfacet
  facet normal 0.671478 0.741024 -0
    outer loop
      vertex 11.9215 44.4859 54.8
      vertex 11.7979 44.5979 62.8
      vertex 11.9215 44.4859 62.8
    endloop
  endfacet
  facet normal 0.671478 0.741024 0
    outer loop
      vertex 11.7979 44.5979 62.8
      vertex 11.9215 44.4859 54.8
      vertex 11.7979 44.5979 54.8
    endloop
  endfacet
  facet normal 0.803303 -0.59557 0
    outer loop
      vertex 11.6859 46.8785 62.8
      vertex 11.6277 46.8 54.8
      vertex 11.6859 46.8785 54.4
    endloop
  endfacet
  facet normal 0.803154 -0.595772 3.07176e-06
    outer loop
      vertex 11.5865 46.7445 62.8
      vertex 11.6277 46.8 54.8
      vertex 11.6859 46.8785 62.8
    endloop
  endfacet
  facet normal 0.802942 -0.596058 2.64582e-19
    outer loop
      vertex 11.6277 46.8 54.8
      vertex 11.5865 46.7445 62.8
      vertex 11.5865 46.7445 54.8
    endloop
  endfacet
  facet normal 0.803303 -0.59557 -6.78229e-18
    outer loop
      vertex 11.6859 46.8785 54.4
      vertex 11.6277 46.8 54.8
      vertex 11.6277 46.8 54.4
    endloop
  endfacet
  facet normal 0.857652 -0.514231 -2.54648e-20
    outer loop
      vertex 11.5007 46.6014 62.8
      vertex 11.5865 46.7445 54.8
      vertex 11.5865 46.7445 62.8
    endloop
  endfacet
  facet normal 0.857652 -0.514231 -2.54648e-20
    outer loop
      vertex 11.5865 46.7445 54.8
      vertex 11.5007 46.6014 62.8
      vertex 11.5007 46.6014 54.8
    endloop
  endfacet
  facet normal 0.0491602 0.998791 -0
    outer loop
      vertex 13 44.1 54.4
      vertex 12.8334 44.1082 62.8
      vertex 13 44.1 62.8
    endloop
  endfacet
  facet normal 0.0491602 0.998791 0
    outer loop
      vertex 12.8334 44.1082 62.8
      vertex 13 44.1 54.4
      vertex 12.8334 44.1082 54.4
    endloop
  endfacet
  facet normal 0.998791 -0.0491602 -7.30939e-20
    outer loop
      vertex 11.3 45.8 62.8
      vertex 11.3082 45.9666 54.8
      vertex 11.3082 45.9666 62.8
    endloop
  endfacet
  facet normal 0.998791 -0.0491602 -7.30939e-20
    outer loop
      vertex 11.3082 45.9666 54.8
      vertex 11.3 45.8 62.8
      vertex 11.3 45.8 54.8
    endloop
  endfacet
  facet normal 0.33683 0.941566 -0
    outer loop
      vertex 12.5065 44.1732 54.4
      vertex 12.3494 44.2294 62.8
      vertex 12.5065 44.1732 62.8
    endloop
  endfacet
  facet normal 0.33683 0.941566 0
    outer loop
      vertex 12.3494 44.2294 62.8
      vertex 12.5065 44.1732 54.4
      vertex 12.3494 44.2294 54.4
    endloop
  endfacet
  facet normal -0.741024 0.671478 3.08347e-20
    outer loop
      vertex 14.2021 44.5979 54.8
      vertex 14.3141 44.7215 62.8
      vertex 14.3141 44.7215 54.8
    endloop
  endfacet
  facet normal -0.741024 0.671478 3.08347e-20
    outer loop
      vertex 14.3141 44.7215 62.8
      vertex 14.2021 44.5979 54.8
      vertex 14.2021 44.5979 62.8
    endloop
  endfacet
  facet normal -0.671478 0.741024 0
    outer loop
      vertex 14.2021 44.5979 54.8
      vertex 14.0785 44.4859 62.8
      vertex 14.2021 44.5979 62.8
    endloop
  endfacet
  facet normal -0.671478 0.741024 0
    outer loop
      vertex 14.0785 44.4859 62.8
      vertex 14.2021 44.5979 54.8
      vertex 14.0785 44.4859 54.8
    endloop
  endfacet
  facet normal -0.989168 -0.146788 2.67486e-19
    outer loop
      vertex 75.4918 13.1666 54.4
      vertex 75.4673 13.3317 62.8
      vertex 75.4673 13.3317 54.4
    endloop
  endfacet
  facet normal -0.989168 -0.146788 2.67486e-19
    outer loop
      vertex 75.4673 13.3317 62.8
      vertex 75.4918 13.1666 54.4
      vertex 75.4918 13.1666 62.8
    endloop
  endfacet
  facet normal -0.998791 -0.0491602 7.70901e-21
    outer loop
      vertex 75.5 13 54.4
      vertex 75.4918 13.1666 62.8
      vertex 75.4918 13.1666 54.4
    endloop
  endfacet
  facet normal -0.998791 -0.0491602 7.70901e-21
    outer loop
      vertex 75.4918 13.1666 62.8
      vertex 75.5 13 54.4
      vertex 75.5 13 62.8
    endloop
  endfacet
  facet normal -0.970072 -0.242818 -1.66963e-20
    outer loop
      vertex 75.4673 13.3317 54.4
      vertex 75.4268 13.4935 62.8
      vertex 75.4268 13.4935 54.4
    endloop
  endfacet
  facet normal -0.970072 -0.242818 -1.66963e-20
    outer loop
      vertex 75.4268 13.4935 62.8
      vertex 75.4673 13.3317 54.4
      vertex 75.4673 13.3317 62.8
    endloop
  endfacet
  facet normal 0.146788 -0.989168 0
    outer loop
      vertex 73.4683 14.6673 54.8
      vertex 73.6334 14.6918 62.8
      vertex 73.4683 14.6673 62.8
    endloop
  endfacet
  facet normal 0.146788 -0.989168 0
    outer loop
      vertex 73.6334 14.6918 62.8
      vertex 73.4683 14.6673 54.8
      vertex 73.6334 14.6918 54.8
    endloop
  endfacet
  facet normal -0.803154 -0.595772 2.19292e-19
    outer loop
      vertex 75.2135 13.9445 54.4
      vertex 75.1141 14.0785 62.8
      vertex 75.1141 14.0785 54.4
    endloop
  endfacet
  facet normal -0.803154 -0.595772 2.19292e-19
    outer loop
      vertex 75.1141 14.0785 62.8
      vertex 75.2135 13.9445 54.4
      vertex 75.2135 13.9445 62.8
    endloop
  endfacet
  facet normal -0.595772 -0.803154 0
    outer loop
      vertex 74.7445 14.4135 54.8
      vertex 74.8785 14.3141 62.8
      vertex 74.7445 14.4135 62.8
    endloop
  endfacet
  facet normal -0.596058 -0.802942 7.41455e-06
    outer loop
      vertex 74.8 14.3723 54.8
      vertex 74.8785 14.3141 62.8
      vertex 74.7445 14.4135 54.8
    endloop
  endfacet
  facet normal -0.59557 -0.803303 6.78229e-18
    outer loop
      vertex 74.8785 14.3141 54.4
      vertex 74.8 14.3723 54.8
      vertex 74.8 14.3723 54.4
    endloop
  endfacet
  facet normal -0.59557 -0.803303 3.22966e-19
    outer loop
      vertex 74.8 14.3723 54.8
      vertex 74.8785 14.3141 54.4
      vertex 74.8785 14.3141 62.8
    endloop
  endfacet
  facet normal 0.595772 -0.803154 0
    outer loop
      vertex 72.7215 14.3141 54.8
      vertex 72.8555 14.4135 62.8
      vertex 72.7215 14.3141 62.8
    endloop
  endfacet
  facet normal 0.595772 -0.803154 0
    outer loop
      vertex 72.8555 14.4135 62.8
      vertex 72.7215 14.3141 54.8
      vertex 72.8555 14.4135 54.8
    endloop
  endfacet
  facet normal -0.998791 0.0491602 -7.70901e-21
    outer loop
      vertex 75.4918 12.8334 54.4
      vertex 75.5 13 62.8
      vertex 75.5 13 54.4
    endloop
  endfacet
  facet normal -0.998791 0.0491602 -7.70901e-21
    outer loop
      vertex 75.5 13 62.8
      vertex 75.4918 12.8334 54.4
      vertex 75.4918 12.8334 62.8
    endloop
  endfacet
  facet normal 0.242818 -0.970072 0
    outer loop
      vertex 73.3065 14.6268 54.8
      vertex 73.4683 14.6673 62.8
      vertex 73.3065 14.6268 62.8
    endloop
  endfacet
  facet normal 0.242818 -0.970072 0
    outer loop
      vertex 73.4683 14.6673 62.8
      vertex 73.3065 14.6268 54.8
      vertex 73.4683 14.6673 54.8
    endloop
  endfacet
  facet normal 0.970072 0.242818 -1.66963e-20
    outer loop
      vertex 72.1732 12.5065 62.8
      vertex 72.1327 12.6683 54.4
      vertex 72.1327 12.6683 62.8
    endloop
  endfacet
  facet normal 0.970072 0.242818 -1.66963e-20
    outer loop
      vertex 72.1327 12.6683 54.4
      vertex 72.1732 12.5065 62.8
      vertex 72.1732 12.5065 54.4
    endloop
  endfacet
  facet normal -0.427442 -0.904043 0
    outer loop
      vertex 74.4506 14.5706 54.8
      vertex 74.6014 14.4993 62.8
      vertex 74.4506 14.5706 62.8
    endloop
  endfacet
  facet normal -0.427442 -0.904043 -0
    outer loop
      vertex 74.6014 14.4993 62.8
      vertex 74.4506 14.5706 54.8
      vertex 74.6014 14.4993 54.8
    endloop
  endfacet
  facet normal -0.242818 0.970072 0
    outer loop
      vertex 74.2935 11.3732 54.8
      vertex 74.1317 11.3327 62.8
      vertex 74.2935 11.3732 62.8
    endloop
  endfacet
  facet normal -0.242818 0.970072 0
    outer loop
      vertex 74.1317 11.3327 62.8
      vertex 74.2935 11.3732 54.8
      vertex 74.1317 11.3327 54.8
    endloop
  endfacet
  facet normal 0.427442 -0.904043 0
    outer loop
      vertex 72.9986 14.4993 54.8
      vertex 73.1494 14.5706 62.8
      vertex 72.9986 14.4993 62.8
    endloop
  endfacet
  facet normal 0.427442 -0.904043 0
    outer loop
      vertex 73.1494 14.5706 62.8
      vertex 72.9986 14.4993 54.8
      vertex 73.1494 14.5706 54.8
    endloop
  endfacet
  facet normal -0.970072 0.242818 1.66963e-20
    outer loop
      vertex 75.4268 12.5065 54.4
      vertex 75.4673 12.6683 62.8
      vertex 75.4673 12.6683 54.4
    endloop
  endfacet
  facet normal -0.970072 0.242818 1.66963e-20
    outer loop
      vertex 75.4673 12.6683 62.8
      vertex 75.4268 12.5065 54.4
      vertex 75.4268 12.5065 62.8
    endloop
  endfacet
  facet normal -0.671478 0.741024 0
    outer loop
      vertex 75.0021 11.7979 54.4
      vertex 74.8785 11.6859 62.8
      vertex 75.0021 11.7979 62.8
    endloop
  endfacet
  facet normal -0.671478 0.741024 0
    outer loop
      vertex 74.8785 11.6859 62.8
      vertex 75.0021 11.7979 54.4
      vertex 74.8785 11.6859 54.4
    endloop
  endfacet
  facet normal -0.803154 0.595772 -2.19292e-19
    outer loop
      vertex 75.1141 11.9215 54.4
      vertex 75.2135 12.0555 62.8
      vertex 75.2135 12.0555 54.4
    endloop
  endfacet
  facet normal -0.803154 0.595772 -2.19292e-19
    outer loop
      vertex 75.2135 12.0555 62.8
      vertex 75.1141 11.9215 54.4
      vertex 75.1141 11.9215 62.8
    endloop
  endfacet
  facet normal 0.146788 0.989168 -0
    outer loop
      vertex 73.6334 11.3082 54.8
      vertex 73.4683 11.3327 62.8
      vertex 73.6334 11.3082 62.8
    endloop
  endfacet
  facet normal 0.146788 0.989168 0
    outer loop
      vertex 73.4683 11.3327 62.8
      vertex 73.6334 11.3082 54.8
      vertex 73.4683 11.3327 54.8
    endloop
  endfacet
  facet normal 0.989168 0.146788 2.67486e-19
    outer loop
      vertex 72.1327 12.6683 62.8
      vertex 72.1082 12.8334 54.4
      vertex 72.1082 12.8334 62.8
    endloop
  endfacet
  facet normal 0.989168 0.146788 2.67486e-19
    outer loop
      vertex 72.1082 12.8334 54.4
      vertex 72.1327 12.6683 62.8
      vertex 72.1327 12.6683 54.4
    endloop
  endfacet
  facet normal -0.33683 -0.941566 0
    outer loop
      vertex 74.2935 14.6268 54.8
      vertex 74.4506 14.5706 62.8
      vertex 74.2935 14.6268 62.8
    endloop
  endfacet
  facet normal -0.33683 -0.941566 -0
    outer loop
      vertex 74.4506 14.5706 62.8
      vertex 74.2935 14.6268 54.8
      vertex 74.4506 14.5706 54.8
    endloop
  endfacet
  facet normal -0.514231 -0.857652 0
    outer loop
      vertex 74.6014 14.4993 54.8
      vertex 74.7445 14.4135 62.8
      vertex 74.6014 14.4993 62.8
    endloop
  endfacet
  facet normal -0.514231 -0.857652 -0
    outer loop
      vertex 74.7445 14.4135 62.8
      vertex 74.6014 14.4993 54.8
      vertex 74.7445 14.4135 54.8
    endloop
  endfacet
  facet normal 0.989168 -0.146788 -2.67486e-19
    outer loop
      vertex 72.1082 13.1666 62.8
      vertex 72.1327 13.3317 54.4
      vertex 72.1327 13.3317 62.8
    endloop
  endfacet
  facet normal 0.989168 -0.146788 -2.67486e-19
    outer loop
      vertex 72.1327 13.3317 54.4
      vertex 72.1082 13.1666 62.8
      vertex 72.1082 13.1666 54.4
    endloop
  endfacet
  facet normal -0.595772 0.803154 3.07176e-06
    outer loop
      vertex 74.8785 11.6859 62.8
      vertex 74.8 11.6277 54.8
      vertex 74.7445 11.5865 62.8
    endloop
  endfacet
  facet normal -0.59557 0.803303 0
    outer loop
      vertex 74.8785 11.6859 54.4
      vertex 74.8 11.6277 54.8
      vertex 74.8785 11.6859 62.8
    endloop
  endfacet
  facet normal -0.59557 0.803303 0
    outer loop
      vertex 74.8 11.6277 54.8
      vertex 74.8785 11.6859 54.4
      vertex 74.8 11.6277 54.4
    endloop
  endfacet
  facet normal -0.596058 0.802942 0
    outer loop
      vertex 74.7445 11.5865 62.8
      vertex 74.8 11.6277 54.8
      vertex 74.7445 11.5865 54.8
    endloop
  endfacet
  facet normal -0.904043 -0.427442 7.3188e-20
    outer loop
      vertex 75.3706 13.6506 54.4
      vertex 75.2993 13.8014 62.8
      vertex 75.2993 13.8014 54.4
    endloop
  endfacet
  facet normal -0.904043 -0.427442 7.3188e-20
    outer loop
      vertex 75.2993 13.8014 62.8
      vertex 75.3706 13.6506 54.4
      vertex 75.3706 13.6506 62.8
    endloop
  endfacet
  facet normal 0.803152 -0.595775 0
    outer loop
      vertex 72.4859 14.0785 62.8
      vertex 72.4 13.9627 54.8
      vertex 72.4859 14.0785 54.8
    endloop
  endfacet
  facet normal 0.803154 -0.595772 -5.99368e-08
    outer loop
      vertex 72.3865 13.9445 62.8
      vertex 72.4 13.9627 54.8
      vertex 72.4859 14.0785 62.8
    endloop
  endfacet
  facet normal 0.803166 -0.595755 0
    outer loop
      vertex 72.3865 13.9445 54.4
      vertex 72.4 13.9627 54.8
      vertex 72.3865 13.9445 62.8
    endloop
  endfacet
  facet normal 0.803166 -0.595755 0
    outer loop
      vertex 72.4 13.9627 54.8
      vertex 72.3865 13.9445 54.4
      vertex 72.4 13.9627 54.4
    endloop
  endfacet
  facet normal -0.941566 0.33683 5.33682e-19
    outer loop
      vertex 75.3706 12.3494 54.4
      vertex 75.4268 12.5065 62.8
      vertex 75.4268 12.5065 54.4
    endloop
  endfacet
  facet normal -0.941566 0.33683 5.33682e-19
    outer loop
      vertex 75.4268 12.5065 62.8
      vertex 75.3706 12.3494 54.4
      vertex 75.3706 12.3494 62.8
    endloop
  endfacet
  facet normal 0.514231 -0.857652 0
    outer loop
      vertex 72.8555 14.4135 54.8
      vertex 72.9986 14.4993 62.8
      vertex 72.8555 14.4135 62.8
    endloop
  endfacet
  facet normal 0.514231 -0.857652 0
    outer loop
      vertex 72.9986 14.4993 62.8
      vertex 72.8555 14.4135 54.8
      vertex 72.9986 14.4993 54.8
    endloop
  endfacet
  facet normal -0.146788 -0.989168 0
    outer loop
      vertex 73.9666 14.6918 54.8
      vertex 74.1317 14.6673 62.8
      vertex 73.9666 14.6918 62.8
    endloop
  endfacet
  facet normal -0.146788 -0.989168 -0
    outer loop
      vertex 74.1317 14.6673 62.8
      vertex 73.9666 14.6918 54.8
      vertex 74.1317 14.6673 54.8
    endloop
  endfacet
  facet normal 0.0491602 0.998791 -0
    outer loop
      vertex 73.8 11.3 54.8
      vertex 73.6334 11.3082 62.8
      vertex 73.8 11.3 62.8
    endloop
  endfacet
  facet normal 0.0491602 0.998791 0
    outer loop
      vertex 73.6334 11.3082 62.8
      vertex 73.8 11.3 54.8
      vertex 73.6334 11.3082 54.8
    endloop
  endfacet
  facet normal -0.146788 0.989168 0
    outer loop
      vertex 74.1317 11.3327 54.8
      vertex 73.9666 11.3082 62.8
      vertex 74.1317 11.3327 62.8
    endloop
  endfacet
  facet normal -0.146788 0.989168 0
    outer loop
      vertex 73.9666 11.3082 62.8
      vertex 74.1317 11.3327 54.8
      vertex 73.9666 11.3082 54.8
    endloop
  endfacet
  facet normal -0.741024 0.671478 -3.70796e-19
    outer loop
      vertex 75.0021 11.7979 54.4
      vertex 75.1141 11.9215 62.8
      vertex 75.1141 11.9215 54.4
    endloop
  endfacet
  facet normal -0.741024 0.671478 -3.70796e-19
    outer loop
      vertex 75.1141 11.9215 62.8
      vertex 75.0021 11.7979 54.4
      vertex 75.0021 11.7979 62.8
    endloop
  endfacet
  facet normal 0.671478 0.741024 -0
    outer loop
      vertex 72.7215 11.6859 54.8
      vertex 72.5979 11.7979 62.8
      vertex 72.7215 11.6859 62.8
    endloop
  endfacet
  facet normal 0.671478 0.741024 0
    outer loop
      vertex 72.5979 11.7979 62.8
      vertex 72.7215 11.6859 54.8
      vertex 72.5979 11.7979 54.8
    endloop
  endfacet
  facet normal -0.941566 -0.33683 -5.33682e-19
    outer loop
      vertex 75.4268 13.4935 54.4
      vertex 75.3706 13.6506 62.8
      vertex 75.3706 13.6506 54.4
    endloop
  endfacet
  facet normal -0.941566 -0.33683 -5.33682e-19
    outer loop
      vertex 75.3706 13.6506 62.8
      vertex 75.4268 13.4935 54.4
      vertex 75.4268 13.4935 62.8
    endloop
  endfacet
  facet normal 0.741024 0.671478 3.89336e-19
    outer loop
      vertex 72.5979 11.7979 62.8
      vertex 72.4859 11.9215 54.8
      vertex 72.4859 11.9215 62.8
    endloop
  endfacet
  facet normal 0.741024 0.671478 3.89336e-19
    outer loop
      vertex 72.4859 11.9215 54.8
      vertex 72.5979 11.7979 62.8
      vertex 72.5979 11.7979 54.8
    endloop
  endfacet
  facet normal -0.857652 0.514231 4.946e-19
    outer loop
      vertex 75.2135 12.0555 54.4
      vertex 75.2993 12.1986 62.8
      vertex 75.2993 12.1986 54.4
    endloop
  endfacet
  facet normal -0.857652 0.514231 4.946e-19
    outer loop
      vertex 75.2993 12.1986 62.8
      vertex 75.2135 12.0555 54.4
      vertex 75.2135 12.0555 62.8
    endloop
  endfacet
  facet normal -0.671478 -0.741024 0
    outer loop
      vertex 74.8785 14.3141 54.4
      vertex 75.0021 14.2021 62.8
      vertex 74.8785 14.3141 62.8
    endloop
  endfacet
  facet normal -0.671478 -0.741024 -0
    outer loop
      vertex 75.0021 14.2021 62.8
      vertex 74.8785 14.3141 54.4
      vertex 75.0021 14.2021 54.4
    endloop
  endfacet
  facet normal 0.970072 -0.242818 1.66963e-20
    outer loop
      vertex 72.1327 13.3317 62.8
      vertex 72.1732 13.4935 54.4
      vertex 72.1732 13.4935 62.8
    endloop
  endfacet
  facet normal 0.970072 -0.242818 1.66963e-20
    outer loop
      vertex 72.1732 13.4935 54.4
      vertex 72.1327 13.3317 62.8
      vertex 72.1327 13.3317 54.4
    endloop
  endfacet
  facet normal -0.33683 0.941566 0
    outer loop
      vertex 74.4506 11.4294 54.8
      vertex 74.2935 11.3732 62.8
      vertex 74.4506 11.4294 62.8
    endloop
  endfacet
  facet normal -0.33683 0.941566 0
    outer loop
      vertex 74.2935 11.3732 62.8
      vertex 74.4506 11.4294 54.8
      vertex 74.2935 11.3732 54.8
    endloop
  endfacet
  facet normal -0.427442 0.904043 0
    outer loop
      vertex 74.6014 11.5007 54.8
      vertex 74.4506 11.4294 62.8
      vertex 74.6014 11.5007 62.8
    endloop
  endfacet
  facet normal -0.427442 0.904043 0
    outer loop
      vertex 74.4506 11.4294 62.8
      vertex 74.6014 11.5007 54.8
      vertex 74.4506 11.4294 54.8
    endloop
  endfacet
  facet normal -0.989168 0.146788 -2.67486e-19
    outer loop
      vertex 75.4673 12.6683 54.4
      vertex 75.4918 12.8334 62.8
      vertex 75.4918 12.8334 54.4
    endloop
  endfacet
  facet normal -0.989168 0.146788 -2.67486e-19
    outer loop
      vertex 75.4918 12.8334 62.8
      vertex 75.4673 12.6683 54.4
      vertex 75.4673 12.6683 62.8
    endloop
  endfacet
  facet normal 0.904043 0.427442 -3.64587e-19
    outer loop
      vertex 72.3007 12.1986 62.8
      vertex 72.2294 12.3494 54.4
      vertex 72.2294 12.3494 62.8
    endloop
  endfacet
  facet normal 0.904043 0.427442 -3.64587e-19
    outer loop
      vertex 72.2294 12.3494 54.4
      vertex 72.3007 12.1986 62.8
      vertex 72.3007 12.1986 54.4
    endloop
  endfacet
  facet normal 0.33683 -0.941566 0
    outer loop
      vertex 73.1494 14.5706 54.8
      vertex 73.3065 14.6268 62.8
      vertex 73.1494 14.5706 62.8
    endloop
  endfacet
  facet normal 0.33683 -0.941566 0
    outer loop
      vertex 73.3065 14.6268 62.8
      vertex 73.1494 14.5706 54.8
      vertex 73.3065 14.6268 54.8
    endloop
  endfacet
  facet normal 0.0491602 -0.998791 0
    outer loop
      vertex 73.6334 14.6918 54.8
      vertex 73.8 14.7 62.8
      vertex 73.6334 14.6918 62.8
    endloop
  endfacet
  facet normal 0.0491602 -0.998791 0
    outer loop
      vertex 73.8 14.7 62.8
      vertex 73.6334 14.6918 54.8
      vertex 73.8 14.7 54.8
    endloop
  endfacet
  facet normal -0.857652 -0.514231 -4.946e-19
    outer loop
      vertex 75.2993 13.8014 54.4
      vertex 75.2135 13.9445 62.8
      vertex 75.2135 13.9445 54.4
    endloop
  endfacet
  facet normal -0.857652 -0.514231 -4.946e-19
    outer loop
      vertex 75.2135 13.9445 62.8
      vertex 75.2993 13.8014 54.4
      vertex 75.2993 13.8014 62.8
    endloop
  endfacet
  facet normal 0.941566 -0.33683 5.33682e-19
    outer loop
      vertex 72.1732 13.4935 62.8
      vertex 72.2294 13.6506 54.4
      vertex 72.2294 13.6506 62.8
    endloop
  endfacet
  facet normal 0.941566 -0.33683 5.33682e-19
    outer loop
      vertex 72.2294 13.6506 54.4
      vertex 72.1732 13.4935 62.8
      vertex 72.1732 13.4935 54.4
    endloop
  endfacet
  facet normal 0.803166 0.595755 0
    outer loop
      vertex 72.3865 12.0555 62.8
      vertex 72.4 12.0373 54.8
      vertex 72.3865 12.0555 54.4
    endloop
  endfacet
  facet normal 0.803154 0.595772 -5.99368e-08
    outer loop
      vertex 72.4859 11.9215 62.8
      vertex 72.4 12.0373 54.8
      vertex 72.3865 12.0555 62.8
    endloop
  endfacet
  facet normal 0.803152 0.595775 -1.83625e-19
    outer loop
      vertex 72.4 12.0373 54.8
      vertex 72.4859 11.9215 62.8
      vertex 72.4859 11.9215 54.8
    endloop
  endfacet
  facet normal 0.803166 0.595755 6.5101e-19
    outer loop
      vertex 72.3865 12.0555 54.4
      vertex 72.4 12.0373 54.8
      vertex 72.4 12.0373 54.4
    endloop
  endfacet
  facet normal 0.671478 -0.741024 0
    outer loop
      vertex 72.5979 14.2021 54.8
      vertex 72.7215 14.3141 62.8
      vertex 72.5979 14.2021 62.8
    endloop
  endfacet
  facet normal 0.671478 -0.741024 0
    outer loop
      vertex 72.7215 14.3141 62.8
      vertex 72.5979 14.2021 54.8
      vertex 72.7215 14.3141 54.8
    endloop
  endfacet
  facet normal -0.0491602 -0.998791 0
    outer loop
      vertex 73.8 14.7 54.8
      vertex 73.9666 14.6918 62.8
      vertex 73.8 14.7 62.8
    endloop
  endfacet
  facet normal -0.0491602 -0.998791 -0
    outer loop
      vertex 73.9666 14.6918 62.8
      vertex 73.8 14.7 54.8
      vertex 73.9666 14.6918 54.8
    endloop
  endfacet
  facet normal 0.941566 0.33683 -5.33682e-19
    outer loop
      vertex 72.2294 12.3494 62.8
      vertex 72.1732 12.5065 54.4
      vertex 72.1732 12.5065 62.8
    endloop
  endfacet
  facet normal 0.941566 0.33683 -5.33682e-19
    outer loop
      vertex 72.1732 12.5065 54.4
      vertex 72.2294 12.3494 62.8
      vertex 72.2294 12.3494 54.4
    endloop
  endfacet
  facet normal 0.514231 0.857652 -0
    outer loop
      vertex 72.9986 11.5007 54.8
      vertex 72.8555 11.5865 62.8
      vertex 72.9986 11.5007 62.8
    endloop
  endfacet
  facet normal 0.514231 0.857652 0
    outer loop
      vertex 72.8555 11.5865 62.8
      vertex 72.9986 11.5007 54.8
      vertex 72.8555 11.5865 54.8
    endloop
  endfacet
  facet normal 0.741024 -0.671478 -3.89336e-19
    outer loop
      vertex 72.4859 14.0785 62.8
      vertex 72.5979 14.2021 54.8
      vertex 72.5979 14.2021 62.8
    endloop
  endfacet
  facet normal 0.741024 -0.671478 -3.89336e-19
    outer loop
      vertex 72.5979 14.2021 54.8
      vertex 72.4859 14.0785 62.8
      vertex 72.4859 14.0785 54.8
    endloop
  endfacet
  facet normal -0.0491602 0.998791 0
    outer loop
      vertex 73.9666 11.3082 54.8
      vertex 73.8 11.3 62.8
      vertex 73.9666 11.3082 62.8
    endloop
  endfacet
  facet normal -0.0491602 0.998791 0
    outer loop
      vertex 73.8 11.3 62.8
      vertex 73.9666 11.3082 54.8
      vertex 73.8 11.3 54.8
    endloop
  endfacet
  facet normal -0.741024 -0.671478 3.70796e-19
    outer loop
      vertex 75.1141 14.0785 54.4
      vertex 75.0021 14.2021 62.8
      vertex 75.0021 14.2021 54.4
    endloop
  endfacet
  facet normal -0.741024 -0.671478 3.70796e-19
    outer loop
      vertex 75.0021 14.2021 62.8
      vertex 75.1141 14.0785 54.4
      vertex 75.1141 14.0785 62.8
    endloop
  endfacet
  facet normal 0.904043 -0.427442 3.64587e-19
    outer loop
      vertex 72.2294 13.6506 62.8
      vertex 72.3007 13.8014 54.4
      vertex 72.3007 13.8014 62.8
    endloop
  endfacet
  facet normal 0.904043 -0.427442 3.64587e-19
    outer loop
      vertex 72.3007 13.8014 54.4
      vertex 72.2294 13.6506 62.8
      vertex 72.2294 13.6506 54.4
    endloop
  endfacet
  facet normal -0.904043 0.427442 -7.3188e-20
    outer loop
      vertex 75.2993 12.1986 54.4
      vertex 75.3706 12.3494 62.8
      vertex 75.3706 12.3494 54.4
    endloop
  endfacet
  facet normal -0.904043 0.427442 -7.3188e-20
    outer loop
      vertex 75.3706 12.3494 62.8
      vertex 75.2993 12.1986 54.4
      vertex 75.2993 12.1986 62.8
    endloop
  endfacet
  facet normal 0.427442 0.904043 -0
    outer loop
      vertex 73.1494 11.4294 54.8
      vertex 72.9986 11.5007 62.8
      vertex 73.1494 11.4294 62.8
    endloop
  endfacet
  facet normal 0.427442 0.904043 0
    outer loop
      vertex 72.9986 11.5007 62.8
      vertex 73.1494 11.4294 54.8
      vertex 72.9986 11.5007 54.8
    endloop
  endfacet
  facet normal -0.514231 0.857652 0
    outer loop
      vertex 74.7445 11.5865 54.8
      vertex 74.6014 11.5007 62.8
      vertex 74.7445 11.5865 62.8
    endloop
  endfacet
  facet normal -0.514231 0.857652 0
    outer loop
      vertex 74.6014 11.5007 62.8
      vertex 74.7445 11.5865 54.8
      vertex 74.6014 11.5007 54.8
    endloop
  endfacet
  facet normal 0.857652 0.514231 -1.53979e-19
    outer loop
      vertex 72.3865 12.0555 62.8
      vertex 72.3007 12.1986 54.4
      vertex 72.3007 12.1986 62.8
    endloop
  endfacet
  facet normal 0.857652 0.514231 -1.53979e-19
    outer loop
      vertex 72.3007 12.1986 54.4
      vertex 72.3865 12.0555 62.8
      vertex 72.3865 12.0555 54.4
    endloop
  endfacet
  facet normal 0.998791 -0.0491602 -7.70901e-21
    outer loop
      vertex 72.1 13 62.8
      vertex 72.1082 13.1666 54.4
      vertex 72.1082 13.1666 62.8
    endloop
  endfacet
  facet normal 0.998791 -0.0491602 -7.70901e-21
    outer loop
      vertex 72.1082 13.1666 54.4
      vertex 72.1 13 62.8
      vertex 72.1 13 54.4
    endloop
  endfacet
  facet normal 0.998791 0.0491602 7.70901e-21
    outer loop
      vertex 72.1082 12.8334 62.8
      vertex 72.1 13 54.4
      vertex 72.1 13 62.8
    endloop
  endfacet
  facet normal 0.998791 0.0491602 7.70901e-21
    outer loop
      vertex 72.1 13 54.4
      vertex 72.1082 12.8334 62.8
      vertex 72.1082 12.8334 54.4
    endloop
  endfacet
  facet normal 0.33683 0.941566 -0
    outer loop
      vertex 73.3065 11.3732 54.8
      vertex 73.1494 11.4294 62.8
      vertex 73.3065 11.3732 62.8
    endloop
  endfacet
  facet normal 0.33683 0.941566 0
    outer loop
      vertex 73.1494 11.4294 62.8
      vertex 73.3065 11.3732 54.8
      vertex 73.1494 11.4294 54.8
    endloop
  endfacet
  facet normal -0.242818 -0.970072 0
    outer loop
      vertex 74.1317 14.6673 54.8
      vertex 74.2935 14.6268 62.8
      vertex 74.1317 14.6673 62.8
    endloop
  endfacet
  facet normal -0.242818 -0.970072 -0
    outer loop
      vertex 74.2935 14.6268 62.8
      vertex 74.1317 14.6673 54.8
      vertex 74.2935 14.6268 54.8
    endloop
  endfacet
  facet normal 0.242818 0.970072 -0
    outer loop
      vertex 73.4683 11.3327 54.8
      vertex 73.3065 11.3732 62.8
      vertex 73.4683 11.3327 62.8
    endloop
  endfacet
  facet normal 0.242818 0.970072 0
    outer loop
      vertex 73.3065 11.3732 62.8
      vertex 73.4683 11.3327 54.8
      vertex 73.3065 11.3732 54.8
    endloop
  endfacet
  facet normal 0.595772 0.803154 -0
    outer loop
      vertex 72.8555 11.5865 54.8
      vertex 72.7215 11.6859 62.8
      vertex 72.8555 11.5865 62.8
    endloop
  endfacet
  facet normal 0.595772 0.803154 0
    outer loop
      vertex 72.7215 11.6859 62.8
      vertex 72.8555 11.5865 54.8
      vertex 72.7215 11.6859 54.8
    endloop
  endfacet
  facet normal 0.857652 -0.514231 1.53979e-19
    outer loop
      vertex 72.3007 13.8014 62.8
      vertex 72.3865 13.9445 54.4
      vertex 72.3865 13.9445 62.8
    endloop
  endfacet
  facet normal 0.857652 -0.514231 1.53979e-19
    outer loop
      vertex 72.3865 13.9445 54.4
      vertex 72.3007 13.8014 62.8
      vertex 72.3007 13.8014 54.4
    endloop
  endfacet
  facet normal -0.989168 -0.146788 4.97215e-20
    outer loop
      vertex 75.4918 45.9666 54.4
      vertex 75.4673 46.1317 62.8
      vertex 75.4673 46.1317 54.4
    endloop
  endfacet
  facet normal -0.989168 -0.146788 4.97215e-20
    outer loop
      vertex 75.4673 46.1317 62.8
      vertex 75.4918 45.9666 54.4
      vertex 75.4918 45.9666 62.8
    endloop
  endfacet
  facet normal -0.998791 -0.0491602 -1.92812e-20
    outer loop
      vertex 75.5 45.8 54.4
      vertex 75.4918 45.9666 62.8
      vertex 75.4918 45.9666 54.4
    endloop
  endfacet
  facet normal -0.998791 -0.0491602 -1.92812e-20
    outer loop
      vertex 75.4918 45.9666 62.8
      vertex 75.5 45.8 54.4
      vertex 75.5 45.8 62.8
    endloop
  endfacet
  facet normal -0.970072 -0.242818 -1.66963e-20
    outer loop
      vertex 75.4673 46.1317 54.4
      vertex 75.4268 46.2935 62.8
      vertex 75.4268 46.2935 54.4
    endloop
  endfacet
  facet normal -0.970072 -0.242818 -1.66963e-20
    outer loop
      vertex 75.4268 46.2935 62.8
      vertex 75.4673 46.1317 54.4
      vertex 75.4673 46.1317 62.8
    endloop
  endfacet
  facet normal -0.33683 0.941566 0
    outer loop
      vertex 74.4506 44.2294 54.8
      vertex 74.2935 44.1732 62.8
      vertex 74.4506 44.2294 62.8
    endloop
  endfacet
  facet normal -0.33683 0.941566 0
    outer loop
      vertex 74.2935 44.1732 62.8
      vertex 74.4506 44.2294 54.8
      vertex 74.2935 44.1732 54.8
    endloop
  endfacet
  facet normal 0.671478 -0.741024 0
    outer loop
      vertex 72.5979 47.0021 54.4
      vertex 72.7215 47.1141 62.8
      vertex 72.5979 47.0021 62.8
    endloop
  endfacet
  facet normal 0.671478 -0.741024 0
    outer loop
      vertex 72.7215 47.1141 62.8
      vertex 72.5979 47.0021 54.4
      vertex 72.7215 47.1141 54.4
    endloop
  endfacet
  facet normal 0.970072 0.242818 -1.75311e-20
    outer loop
      vertex 72.1732 45.3065 62.8
      vertex 72.1327 45.4683 54.8
      vertex 72.1327 45.4683 62.8
    endloop
  endfacet
  facet normal 0.970072 0.242818 -1.75311e-20
    outer loop
      vertex 72.1327 45.4683 54.8
      vertex 72.1732 45.3065 62.8
      vertex 72.1732 45.3065 54.8
    endloop
  endfacet
  facet normal -0.427442 -0.904043 0
    outer loop
      vertex 74.4506 47.3706 54.4
      vertex 74.6014 47.2993 62.8
      vertex 74.4506 47.3706 62.8
    endloop
  endfacet
  facet normal -0.427442 -0.904043 -0
    outer loop
      vertex 74.6014 47.2993 62.8
      vertex 74.4506 47.3706 54.4
      vertex 74.6014 47.2993 54.4
    endloop
  endfacet
  facet normal 0.242818 0.970072 -0
    outer loop
      vertex 73.4683 44.1327 54.8
      vertex 73.3065 44.1732 62.8
      vertex 73.4683 44.1327 62.8
    endloop
  endfacet
  facet normal 0.242818 0.970072 0
    outer loop
      vertex 73.3065 44.1732 62.8
      vertex 73.4683 44.1327 54.8
      vertex 73.3065 44.1732 54.8
    endloop
  endfacet
  facet normal 0.146788 0.989168 -0
    outer loop
      vertex 73.6334 44.1082 54.8
      vertex 73.4683 44.1327 62.8
      vertex 73.6334 44.1082 62.8
    endloop
  endfacet
  facet normal 0.146788 0.989168 0
    outer loop
      vertex 73.4683 44.1327 62.8
      vertex 73.6334 44.1082 54.8
      vertex 73.4683 44.1327 54.8
    endloop
  endfacet
  facet normal -0.242818 -0.970072 0
    outer loop
      vertex 74.1317 47.4673 54.4
      vertex 74.2935 47.4268 62.8
      vertex 74.1317 47.4673 62.8
    endloop
  endfacet
  facet normal -0.242818 -0.970072 -0
    outer loop
      vertex 74.2935 47.4268 62.8
      vertex 74.1317 47.4673 54.4
      vertex 74.2935 47.4268 54.4
    endloop
  endfacet
  facet normal 0.741024 -0.671478 4.01795e-19
    outer loop
      vertex 72.4859 46.8785 62.8
      vertex 72.5979 47.0021 54.4
      vertex 72.5979 47.0021 62.8
    endloop
  endfacet
  facet normal 0.741024 -0.671478 4.01795e-19
    outer loop
      vertex 72.5979 47.0021 54.4
      vertex 72.4859 46.8785 62.8
      vertex 72.4859 46.8785 54.4
    endloop
  endfacet
  facet normal 0.33683 -0.941566 0
    outer loop
      vertex 73.1494 47.3706 54.4
      vertex 73.3065 47.4268 62.8
      vertex 73.1494 47.3706 62.8
    endloop
  endfacet
  facet normal 0.33683 -0.941566 0
    outer loop
      vertex 73.3065 47.4268 62.8
      vertex 73.1494 47.3706 54.4
      vertex 73.3065 47.4268 54.4
    endloop
  endfacet
  facet normal -0.0491602 0.998791 0
    outer loop
      vertex 73.9666 44.1082 54.8
      vertex 73.8 44.1 62.8
      vertex 73.9666 44.1082 62.8
    endloop
  endfacet
  facet normal -0.0491602 0.998791 0
    outer loop
      vertex 73.8 44.1 62.8
      vertex 73.9666 44.1082 54.8
      vertex 73.8 44.1 54.8
    endloop
  endfacet
  facet normal 0.0491602 -0.998791 0
    outer loop
      vertex 73.6334 47.4918 54.4
      vertex 73.8 47.5 62.8
      vertex 73.6334 47.4918 62.8
    endloop
  endfacet
  facet normal 0.0491602 -0.998791 0
    outer loop
      vertex 73.8 47.5 62.8
      vertex 73.6334 47.4918 54.4
      vertex 73.8 47.5 54.4
    endloop
  endfacet
  facet normal 0.595772 0.803154 -0
    outer loop
      vertex 72.8555 44.3865 54.8
      vertex 72.7215 44.4859 62.8
      vertex 72.8555 44.3865 62.8
    endloop
  endfacet
  facet normal 0.595772 0.803154 0
    outer loop
      vertex 72.7215 44.4859 62.8
      vertex 72.8555 44.3865 54.8
      vertex 72.7215 44.4859 54.8
    endloop
  endfacet
  facet normal 0.904043 0.427442 -3.68257e-19
    outer loop
      vertex 72.3007 44.9986 62.8
      vertex 72.2294 45.1494 54.8
      vertex 72.2294 45.1494 62.8
    endloop
  endfacet
  facet normal 0.904043 0.427442 -3.68257e-19
    outer loop
      vertex 72.2294 45.1494 54.8
      vertex 72.3007 44.9986 62.8
      vertex 72.3007 44.9986 54.8
    endloop
  endfacet
  facet normal 0.146788 -0.989168 0
    outer loop
      vertex 73.4683 47.4673 54.4
      vertex 73.6334 47.4918 62.8
      vertex 73.4683 47.4673 62.8
    endloop
  endfacet
  facet normal 0.146788 -0.989168 0
    outer loop
      vertex 73.6334 47.4918 62.8
      vertex 73.4683 47.4673 54.4
      vertex 73.6334 47.4918 54.4
    endloop
  endfacet
  facet normal -0.514231 -0.857652 0
    outer loop
      vertex 74.6014 47.2993 54.4
      vertex 74.7445 47.2135 62.8
      vertex 74.6014 47.2993 62.8
    endloop
  endfacet
  facet normal -0.514231 -0.857652 -0
    outer loop
      vertex 74.7445 47.2135 62.8
      vertex 74.6014 47.2993 54.4
      vertex 74.7445 47.2135 54.4
    endloop
  endfacet
  facet normal 0.998791 0.0491602 -6.93849e-20
    outer loop
      vertex 72.1082 45.6334 62.8
      vertex 72.1 45.8 54.8
      vertex 72.1 45.8 62.8
    endloop
  endfacet
  facet normal 0.998791 0.0491602 -6.93849e-20
    outer loop
      vertex 72.1 45.8 54.8
      vertex 72.1082 45.6334 62.8
      vertex 72.1082 45.6334 54.8
    endloop
  endfacet
  facet normal 0.904043 -0.427442 3.68257e-19
    outer loop
      vertex 72.2294 46.4506 62.8
      vertex 72.3007 46.6014 54.8
      vertex 72.3007 46.6014 62.8
    endloop
  endfacet
  facet normal 0.904043 -0.427442 3.68257e-19
    outer loop
      vertex 72.3007 46.6014 54.8
      vertex 72.2294 46.4506 62.8
      vertex 72.2294 46.4506 54.8
    endloop
  endfacet
  facet normal -0.970072 0.242818 1.66963e-20
    outer loop
      vertex 75.4268 45.3065 54.4
      vertex 75.4673 45.4683 62.8
      vertex 75.4673 45.4683 54.4
    endloop
  endfacet
  facet normal -0.970072 0.242818 1.66963e-20
    outer loop
      vertex 75.4673 45.4683 62.8
      vertex 75.4268 45.3065 54.4
      vertex 75.4268 45.3065 62.8
    endloop
  endfacet
  facet normal -0.671478 -0.741024 0
    outer loop
      vertex 74.8785 47.1141 54.4
      vertex 75.0021 47.0021 62.8
      vertex 74.8785 47.1141 62.8
    endloop
  endfacet
  facet normal -0.671478 -0.741024 -0
    outer loop
      vertex 75.0021 47.0021 62.8
      vertex 74.8785 47.1141 54.4
      vertex 75.0021 47.0021 54.4
    endloop
  endfacet
  facet normal -0.595772 -0.803154 0
    outer loop
      vertex 74.7445 47.2135 54.4
      vertex 74.8785 47.1141 62.8
      vertex 74.7445 47.2135 62.8
    endloop
  endfacet
  facet normal -0.595772 -0.803154 -0
    outer loop
      vertex 74.8785 47.1141 62.8
      vertex 74.7445 47.2135 54.4
      vertex 74.8785 47.1141 54.4
    endloop
  endfacet
  facet normal 0.595772 -0.803154 0
    outer loop
      vertex 72.7215 47.1141 54.4
      vertex 72.8555 47.2135 62.8
      vertex 72.7215 47.1141 62.8
    endloop
  endfacet
  facet normal 0.595772 -0.803154 0
    outer loop
      vertex 72.8555 47.2135 62.8
      vertex 72.7215 47.1141 54.4
      vertex 72.8555 47.2135 54.4
    endloop
  endfacet
  facet normal -0.514231 0.857652 0
    outer loop
      vertex 74.7445 44.3865 54.8
      vertex 74.6014 44.3007 62.8
      vertex 74.7445 44.3865 62.8
    endloop
  endfacet
  facet normal -0.514231 0.857652 0
    outer loop
      vertex 74.6014 44.3007 62.8
      vertex 74.7445 44.3865 54.8
      vertex 74.6014 44.3007 54.8
    endloop
  endfacet
  facet normal -0.741024 -0.671478 -4.01795e-19
    outer loop
      vertex 75.1141 46.8785 54.4
      vertex 75.0021 47.0021 62.8
      vertex 75.0021 47.0021 54.4
    endloop
  endfacet
  facet normal -0.741024 -0.671478 -4.01795e-19
    outer loop
      vertex 75.0021 47.0021 62.8
      vertex 75.1141 46.8785 54.4
      vertex 75.1141 46.8785 62.8
    endloop
  endfacet
  facet normal -0.803154 -0.595772 2.19292e-19
    outer loop
      vertex 75.2135 46.7445 54.4
      vertex 75.1141 46.8785 62.8
      vertex 75.1141 46.8785 54.4
    endloop
  endfacet
  facet normal -0.803154 -0.595772 2.19292e-19
    outer loop
      vertex 75.1141 46.8785 62.8
      vertex 75.2135 46.7445 54.4
      vertex 75.2135 46.7445 62.8
    endloop
  endfacet
  facet normal -0.989168 0.146788 -4.97215e-20
    outer loop
      vertex 75.4673 45.4683 54.4
      vertex 75.4918 45.6334 62.8
      vertex 75.4918 45.6334 54.4
    endloop
  endfacet
  facet normal -0.989168 0.146788 -4.97215e-20
    outer loop
      vertex 75.4918 45.6334 62.8
      vertex 75.4673 45.4683 54.4
      vertex 75.4673 45.4683 62.8
    endloop
  endfacet
  facet normal 0.941566 -0.33683 -1.52863e-19
    outer loop
      vertex 72.1732 46.2935 62.8
      vertex 72.2294 46.4506 54.8
      vertex 72.2294 46.4506 62.8
    endloop
  endfacet
  facet normal 0.941566 -0.33683 -1.52863e-19
    outer loop
      vertex 72.2294 46.4506 54.8
      vertex 72.1732 46.2935 62.8
      vertex 72.1732 46.2935 54.8
    endloop
  endfacet
  facet normal -0.904043 0.427442 -8.70542e-20
    outer loop
      vertex 75.2993 44.9986 54.4
      vertex 75.3706 45.1494 62.8
      vertex 75.3706 45.1494 54.4
    endloop
  endfacet
  facet normal -0.904043 0.427442 -8.70542e-20
    outer loop
      vertex 75.3706 45.1494 62.8
      vertex 75.2993 44.9986 54.4
      vertex 75.2993 44.9986 62.8
    endloop
  endfacet
  facet normal -0.998791 0.0491602 6.60809e-20
    outer loop
      vertex 75.4918 45.6334 54.4
      vertex 75.5 45.8 62.8
      vertex 75.5 45.8 54.4
    endloop
  endfacet
  facet normal -0.998791 0.0491602 6.60809e-20
    outer loop
      vertex 75.5 45.8 62.8
      vertex 75.4918 45.6334 54.4
      vertex 75.4918 45.6334 62.8
    endloop
  endfacet
  facet normal -0.242818 0.970072 0
    outer loop
      vertex 74.2935 44.1732 54.8
      vertex 74.1317 44.1327 62.8
      vertex 74.2935 44.1732 62.8
    endloop
  endfacet
  facet normal -0.242818 0.970072 0
    outer loop
      vertex 74.1317 44.1327 62.8
      vertex 74.2935 44.1732 54.8
      vertex 74.1317 44.1327 54.8
    endloop
  endfacet
  facet normal -0.146788 0.989168 0
    outer loop
      vertex 74.1317 44.1327 54.8
      vertex 73.9666 44.1082 62.8
      vertex 74.1317 44.1327 62.8
    endloop
  endfacet
  facet normal -0.146788 0.989168 0
    outer loop
      vertex 73.9666 44.1082 62.8
      vertex 74.1317 44.1327 54.8
      vertex 73.9666 44.1082 54.8
    endloop
  endfacet
  facet normal -0.941566 -0.33683 1.45584e-19
    outer loop
      vertex 75.4268 46.2935 54.4
      vertex 75.3706 46.4506 62.8
      vertex 75.3706 46.4506 54.4
    endloop
  endfacet
  facet normal -0.941566 -0.33683 1.45584e-19
    outer loop
      vertex 75.3706 46.4506 62.8
      vertex 75.4268 46.2935 54.4
      vertex 75.4268 46.2935 62.8
    endloop
  endfacet
  facet normal -0.803154 0.595772 -2.19292e-19
    outer loop
      vertex 75.1141 44.7215 54.4
      vertex 75.2135 44.8555 62.8
      vertex 75.2135 44.8555 54.4
    endloop
  endfacet
  facet normal -0.803154 0.595772 -2.19292e-19
    outer loop
      vertex 75.2135 44.8555 62.8
      vertex 75.1141 44.7215 54.4
      vertex 75.1141 44.7215 62.8
    endloop
  endfacet
  facet normal -0.857652 0.514231 1.46058e-19
    outer loop
      vertex 75.2135 44.8555 54.4
      vertex 75.2993 44.9986 62.8
      vertex 75.2993 44.9986 54.4
    endloop
  endfacet
  facet normal -0.857652 0.514231 1.46058e-19
    outer loop
      vertex 75.2993 44.9986 62.8
      vertex 75.2135 44.8555 54.4
      vertex 75.2135 44.8555 62.8
    endloop
  endfacet
  facet normal -0.427442 0.904043 0
    outer loop
      vertex 74.6014 44.3007 54.8
      vertex 74.4506 44.2294 62.8
      vertex 74.6014 44.3007 62.8
    endloop
  endfacet
  facet normal -0.427442 0.904043 0
    outer loop
      vertex 74.4506 44.2294 62.8
      vertex 74.6014 44.3007 54.8
      vertex 74.4506 44.2294 54.8
    endloop
  endfacet
  facet normal -0.0491602 -0.998791 0
    outer loop
      vertex 73.8 47.5 54.4
      vertex 73.9666 47.4918 62.8
      vertex 73.8 47.5 62.8
    endloop
  endfacet
  facet normal -0.0491602 -0.998791 -0
    outer loop
      vertex 73.9666 47.4918 62.8
      vertex 73.8 47.5 54.4
      vertex 73.9666 47.4918 54.4
    endloop
  endfacet
  facet normal 0.514231 -0.857652 0
    outer loop
      vertex 72.8555 47.2135 54.4
      vertex 72.9986 47.2993 62.8
      vertex 72.8555 47.2135 62.8
    endloop
  endfacet
  facet normal 0.514231 -0.857652 0
    outer loop
      vertex 72.9986 47.2993 62.8
      vertex 72.8555 47.2135 54.4
      vertex 72.9986 47.2993 54.4
    endloop
  endfacet
  facet normal -0.941566 0.33683 -1.45584e-19
    outer loop
      vertex 75.3706 45.1494 54.4
      vertex 75.4268 45.3065 62.8
      vertex 75.4268 45.3065 54.4
    endloop
  endfacet
  facet normal -0.941566 0.33683 -1.45584e-19
    outer loop
      vertex 75.4268 45.3065 62.8
      vertex 75.3706 45.1494 54.4
      vertex 75.3706 45.1494 62.8
    endloop
  endfacet
  facet normal 0.242818 -0.970072 0
    outer loop
      vertex 73.3065 47.4268 54.4
      vertex 73.4683 47.4673 62.8
      vertex 73.3065 47.4268 62.8
    endloop
  endfacet
  facet normal 0.242818 -0.970072 0
    outer loop
      vertex 73.4683 47.4673 62.8
      vertex 73.3065 47.4268 54.4
      vertex 73.4683 47.4673 54.4
    endloop
  endfacet
  facet normal -0.904043 -0.427442 8.70542e-20
    outer loop
      vertex 75.3706 46.4506 54.4
      vertex 75.2993 46.6014 62.8
      vertex 75.2993 46.6014 54.4
    endloop
  endfacet
  facet normal -0.904043 -0.427442 8.70542e-20
    outer loop
      vertex 75.2993 46.6014 62.8
      vertex 75.3706 46.4506 54.4
      vertex 75.3706 46.4506 62.8
    endloop
  endfacet
  facet normal 0.427442 -0.904043 0
    outer loop
      vertex 72.9986 47.2993 54.4
      vertex 73.1494 47.3706 62.8
      vertex 72.9986 47.2993 62.8
    endloop
  endfacet
  facet normal 0.427442 -0.904043 0
    outer loop
      vertex 73.1494 47.3706 62.8
      vertex 72.9986 47.2993 54.4
      vertex 73.1494 47.3706 54.4
    endloop
  endfacet
  facet normal -0.146788 -0.989168 0
    outer loop
      vertex 73.9666 47.4918 54.4
      vertex 74.1317 47.4673 62.8
      vertex 73.9666 47.4918 62.8
    endloop
  endfacet
  facet normal -0.146788 -0.989168 -0
    outer loop
      vertex 74.1317 47.4673 62.8
      vertex 73.9666 47.4918 54.4
      vertex 74.1317 47.4673 54.4
    endloop
  endfacet
  facet normal 0.857652 0.514231 2.0429e-19
    outer loop
      vertex 72.3865 44.8555 62.8
      vertex 72.3007 44.9986 54.8
      vertex 72.3007 44.9986 62.8
    endloop
  endfacet
  facet normal 0.857652 0.514231 2.0429e-19
    outer loop
      vertex 72.3007 44.9986 54.8
      vertex 72.3865 44.8555 62.8
      vertex 72.3865 44.8555 54.8
    endloop
  endfacet
  facet normal -0.857652 -0.514231 -1.46058e-19
    outer loop
      vertex 75.2993 46.6014 54.4
      vertex 75.2135 46.7445 62.8
      vertex 75.2135 46.7445 54.4
    endloop
  endfacet
  facet normal -0.857652 -0.514231 -1.46058e-19
    outer loop
      vertex 75.2135 46.7445 62.8
      vertex 75.2993 46.6014 54.4
      vertex 75.2993 46.6014 62.8
    endloop
  endfacet
  facet normal 0.741024 0.671478 -4.21884e-19
    outer loop
      vertex 72.5979 44.5979 62.8
      vertex 72.4859 44.7215 54.8
      vertex 72.4859 44.7215 62.8
    endloop
  endfacet
  facet normal 0.741024 0.671478 -4.21884e-19
    outer loop
      vertex 72.4859 44.7215 54.8
      vertex 72.5979 44.5979 62.8
      vertex 72.5979 44.5979 54.8
    endloop
  endfacet
  facet normal 0.427442 0.904043 -0
    outer loop
      vertex 73.1494 44.2294 54.8
      vertex 72.9986 44.3007 62.8
      vertex 73.1494 44.2294 62.8
    endloop
  endfacet
  facet normal 0.427442 0.904043 0
    outer loop
      vertex 72.9986 44.3007 62.8
      vertex 73.1494 44.2294 54.8
      vertex 72.9986 44.3007 54.8
    endloop
  endfacet
  facet normal 0.941566 0.33683 1.52863e-19
    outer loop
      vertex 72.2294 45.1494 62.8
      vertex 72.1732 45.3065 54.8
      vertex 72.1732 45.3065 62.8
    endloop
  endfacet
  facet normal 0.941566 0.33683 1.52863e-19
    outer loop
      vertex 72.1732 45.3065 54.8
      vertex 72.2294 45.1494 62.8
      vertex 72.2294 45.1494 54.8
    endloop
  endfacet
  facet normal 0.514231 0.857652 -0
    outer loop
      vertex 72.9986 44.3007 54.8
      vertex 72.8555 44.3865 62.8
      vertex 72.9986 44.3007 62.8
    endloop
  endfacet
  facet normal 0.514231 0.857652 0
    outer loop
      vertex 72.8555 44.3865 62.8
      vertex 72.9986 44.3007 54.8
      vertex 72.8555 44.3865 54.8
    endloop
  endfacet
  facet normal 0.970072 -0.242818 1.75311e-20
    outer loop
      vertex 72.1327 46.1317 62.8
      vertex 72.1732 46.2935 54.8
      vertex 72.1732 46.2935 62.8
    endloop
  endfacet
  facet normal 0.970072 -0.242818 1.75311e-20
    outer loop
      vertex 72.1732 46.2935 54.8
      vertex 72.1327 46.1317 62.8
      vertex 72.1327 46.1317 54.8
    endloop
  endfacet
  facet normal 0.989168 -0.146788 -5.22076e-20
    outer loop
      vertex 72.1082 45.9666 62.8
      vertex 72.1327 46.1317 54.8
      vertex 72.1327 46.1317 62.8
    endloop
  endfacet
  facet normal 0.989168 -0.146788 -5.22076e-20
    outer loop
      vertex 72.1327 46.1317 54.8
      vertex 72.1082 45.9666 62.8
      vertex 72.1082 45.9666 54.8
    endloop
  endfacet
  facet normal -0.33683 -0.941566 0
    outer loop
      vertex 74.2935 47.4268 54.4
      vertex 74.4506 47.3706 62.8
      vertex 74.2935 47.4268 62.8
    endloop
  endfacet
  facet normal -0.33683 -0.941566 -0
    outer loop
      vertex 74.4506 47.3706 62.8
      vertex 74.2935 47.4268 54.4
      vertex 74.4506 47.3706 54.4
    endloop
  endfacet
  facet normal 0.803154 0.595772 2.30256e-19
    outer loop
      vertex 72.4859 44.7215 62.8
      vertex 72.3865 44.8555 54.8
      vertex 72.3865 44.8555 62.8
    endloop
  endfacet
  facet normal 0.803154 0.595772 2.30256e-19
    outer loop
      vertex 72.3865 44.8555 54.8
      vertex 72.4859 44.7215 62.8
      vertex 72.4859 44.7215 54.8
    endloop
  endfacet
  facet normal 0.989168 0.146788 5.22076e-20
    outer loop
      vertex 72.1327 45.4683 62.8
      vertex 72.1082 45.6334 54.8
      vertex 72.1082 45.6334 62.8
    endloop
  endfacet
  facet normal 0.989168 0.146788 5.22076e-20
    outer loop
      vertex 72.1082 45.6334 54.8
      vertex 72.1327 45.4683 62.8
      vertex 72.1327 45.4683 54.8
    endloop
  endfacet
  facet normal -0.595772 0.803154 3.07176e-06
    outer loop
      vertex 74.8785 44.4859 62.8
      vertex 74.8 44.4277 54.8
      vertex 74.7445 44.3865 62.8
    endloop
  endfacet
  facet normal -0.59557 0.803303 0
    outer loop
      vertex 74.8785 44.4859 54.4
      vertex 74.8 44.4277 54.8
      vertex 74.8785 44.4859 62.8
    endloop
  endfacet
  facet normal -0.59557 0.803303 0
    outer loop
      vertex 74.8 44.4277 54.8
      vertex 74.8785 44.4859 54.4
      vertex 74.8 44.4277 54.4
    endloop
  endfacet
  facet normal -0.596058 0.802942 0
    outer loop
      vertex 74.7445 44.3865 62.8
      vertex 74.8 44.4277 54.8
      vertex 74.7445 44.3865 54.8
    endloop
  endfacet
  facet normal 0.671478 0.741024 -0
    outer loop
      vertex 72.7215 44.4859 54.8
      vertex 72.5979 44.5979 62.8
      vertex 72.7215 44.4859 62.8
    endloop
  endfacet
  facet normal 0.671478 0.741024 0
    outer loop
      vertex 72.5979 44.5979 62.8
      vertex 72.7215 44.4859 54.8
      vertex 72.5979 44.5979 54.8
    endloop
  endfacet
  facet normal 0.803303 -0.59557 0
    outer loop
      vertex 72.4859 46.8785 62.8
      vertex 72.4277 46.8 54.8
      vertex 72.4859 46.8785 54.4
    endloop
  endfacet
  facet normal 0.803154 -0.595772 3.07176e-06
    outer loop
      vertex 72.3865 46.7445 62.8
      vertex 72.4277 46.8 54.8
      vertex 72.4859 46.8785 62.8
    endloop
  endfacet
  facet normal 0.802942 -0.596058 -2.62454e-19
    outer loop
      vertex 72.4277 46.8 54.8
      vertex 72.3865 46.7445 62.8
      vertex 72.3865 46.7445 54.8
    endloop
  endfacet
  facet normal 0.803303 -0.59557 -6.78229e-18
    outer loop
      vertex 72.4859 46.8785 54.4
      vertex 72.4277 46.8 54.8
      vertex 72.4277 46.8 54.4
    endloop
  endfacet
  facet normal 0.857652 -0.514231 -2.0429e-19
    outer loop
      vertex 72.3007 46.6014 62.8
      vertex 72.3865 46.7445 54.8
      vertex 72.3865 46.7445 62.8
    endloop
  endfacet
  facet normal 0.857652 -0.514231 -2.0429e-19
    outer loop
      vertex 72.3865 46.7445 54.8
      vertex 72.3007 46.6014 62.8
      vertex 72.3007 46.6014 54.8
    endloop
  endfacet
  facet normal 0.0491602 0.998791 -0
    outer loop
      vertex 73.8 44.1 54.8
      vertex 73.6334 44.1082 62.8
      vertex 73.8 44.1 62.8
    endloop
  endfacet
  facet normal 0.0491602 0.998791 0
    outer loop
      vertex 73.6334 44.1082 62.8
      vertex 73.8 44.1 54.8
      vertex 73.6334 44.1082 54.8
    endloop
  endfacet
  facet normal 0.998791 -0.0491602 2.02453e-20
    outer loop
      vertex 72.1 45.8 62.8
      vertex 72.1082 45.9666 54.8
      vertex 72.1082 45.9666 62.8
    endloop
  endfacet
  facet normal 0.998791 -0.0491602 2.02453e-20
    outer loop
      vertex 72.1082 45.9666 54.8
      vertex 72.1 45.8 62.8
      vertex 72.1 45.8 54.8
    endloop
  endfacet
  facet normal 0.33683 0.941566 -0
    outer loop
      vertex 73.3065 44.1732 54.8
      vertex 73.1494 44.2294 62.8
      vertex 73.3065 44.1732 62.8
    endloop
  endfacet
  facet normal 0.33683 0.941566 0
    outer loop
      vertex 73.1494 44.2294 62.8
      vertex 73.3065 44.1732 54.8
      vertex 73.1494 44.2294 54.8
    endloop
  endfacet
  facet normal -0.741024 0.671478 4.01795e-19
    outer loop
      vertex 75.0021 44.5979 54.4
      vertex 75.1141 44.7215 62.8
      vertex 75.1141 44.7215 54.4
    endloop
  endfacet
  facet normal -0.741024 0.671478 4.01795e-19
    outer loop
      vertex 75.1141 44.7215 62.8
      vertex 75.0021 44.5979 54.4
      vertex 75.0021 44.5979 62.8
    endloop
  endfacet
  facet normal -0.671478 0.741024 0
    outer loop
      vertex 75.0021 44.5979 54.4
      vertex 74.8785 44.4859 62.8
      vertex 75.0021 44.5979 62.8
    endloop
  endfacet
  facet normal -0.671478 0.741024 0
    outer loop
      vertex 74.8785 44.4859 62.8
      vertex 75.0021 44.5979 54.4
      vertex 74.8785 44.4859 54.4
    endloop
  endfacet
endsolid OpenSCAD_Model
